MatchTime;UT2004Time;Health;Armor;Adrenaline;Score;Deaths;Suicides;Killed;WasKilled;NumKillsWithoutDeath;Team;TeamScore;ItemsCollect;WeaponsCollect;AmmoCollect;HealthCollect;ArmorCollect;ShieldCollect;AdrenalineCollect;OtherCollect;TimeMoving;TimeShooting;DoubleDamageCount;DoubleDamageTime;TraveledDistance;Combo;HasDoubleDamage;IsShooting;Velocity;Location_x;Location_y;Location_z;Onslaught_ONSAVRiLPickup_TimeUsed;XWeapons_SniperRiflePickup_TimeUsed;XWeapons_BioRiflePickup_TimeUsed;XWeapons_ShockRiflePickup_TimeUsed;XWeapons_TransPickup_TimeUsed;Onslaught_ONSMineLayerPickup_TimeUsed;XWeapons_LinkGunPickup_TimeUsed;Onslaught_ONSGrenadePickup_TimeUsed;XWeapons_FlakCannonPickup_TimeUsed;UTClassic_ClassicSniperRiflePickup_TimeUsed;XWeapons_MinigunPickup_TimeUsed;XWeapons_SuperShockRiflePickup_TimeUsed;OnslaughtFull_ONSPainterPickup_TimeUsed;XWeapons_AssaultRiflePickup_TimeUsed;XWeapons_PainterPickup_TimeUsed;XWeapons_ShieldGunPickup_TimeUsed;XWeapons_RedeemerPickup_TimeUsed;XWeapons_RocketLauncherPickup_TimeUsed;Event;EventParams...
0,390;21,720;100;0;22;0;0;0;0;0;0;0;0;0;0;0;0;0;0;0;0;0,000;0,000;0;0,000;0,000;None;0;0;0,000;1399,580;11944,150;-3198,850;0,000;0,000;0,000;0,000;0,000;0,000;0,000;0,000;0,000;0,000;0,000;0,000;0,000;0,000;0,000;0,000;0,000;0,000
0,650;21,980;100;0;22;0;0;0;0;0;0;0;0;0;0;0;0;0;0;0;0;0,260;0,000;0;0,000;16,207;None;0;0;223,055;1398,730;11927,980;-3198,150;0,000;0,000;0,000;0,000;0,000;0,000;0,000;0,000;0,000;0,000;0,000;0,000;0,000;0,000;0,000;0,000;0,000;0,000
0,900;22,230;100;0;22;0;0;0;0;0;0;0;0;0;0;0;0;0;0;0;0;0,510;0,000;0;0,000;122,363;None;0;0;440,003;1393,180;11821,970;-3198,150;0,000;0,000;0,000;0,000;0,000;0,000;0,000;0,000;0,000;0,000;0,000;0,000;0,000;0,000;0,000;0,000;0,000;0,000
1,160;22,490;100;0;22;0;0;0;0;0;0;0;0;0;0;0;0;0;0;0;0;0,770;0,000;0;0,000;234,166;None;0;0;440,003;1387,330;11710,320;-3198,150;0,000;0,000;0,000;0,000;0,000;0,000;0,000;0,000;0,000;0,000;0,000;0,000;0,000;0,000;0,000;0,000;0,000;0,000
1,420;22,750;100;0;22;0;0;0;0;0;0;0;0;0;0;0;0;0;0;0;0;1,030;0,000;0;0,000;349,354;None;0;0;440,003;1381,300;11595,290;-3198,150;0,000;0,000;0,000;0,000;0,000;0,000;0,000;0,000;0,000;0,000;0,000;0,000;0,000;0,000;0,000;0,000;0,000;0,000
1,670;23,000;100;0;22;0;0;0;0;0;0;0;0;0;0;0;0;0;0;0;0;1,280;0,000;0;0,000;461,167;None;0;0;440,003;1375,450;11483,630;-3198,150;0,000;0,000;0,000;0,000;0,000;0,000;0,000;0,000;0,000;0,000;0,000;0,000;0,000;0,000;0,000;0,000;0,000;0,000
1,930;23,260;100;0;22;0;0;0;0;0;0;0;0;0;0;0;0;0;0;0;0;1,540;0,000;0;0,000;572,970;None;0;0;440,003;1369,600;11371,980;-3198,150;0,000;0,000;0,000;0,000;0,000;0,000;0,000;0,000;0,000;0,000;0,000;0,000;0,000;0,000;0,000;0,000;0,000;0,000
1,930;23,260;100;0;22;0;0;0;0;0;0;0;0;0;1;0;0;0;0;0;0;1,540;0,000;0;0,000;572,970;None;0;0;440,003;1369,600;11371,980;-3198,150;0,000;0,000;0,000;0,000;0,000;0,000;0,000;0,000;0,000;0,000;0,000;0,000;0,000;0,000;0,000;0,000;0,000;0,000;ITEM_PICKEDUP;XWeapons.SniperRiflePickup;Weapon
2,190;23,520;100;0;22;0;0;0;0;0;0;0;0;0;1;0;0;0;0;0;0;1,800;0,000;0;0,000;698,476;None;0;0;504,245;1363,400;11253,630;-3156,840;0,000;0,000;0,000;0,000;0,000;0,000;0,000;0,000;0,000;0,000;0,000;0,000;0,000;0,000;0,000;0,000;0,000;0,000
2,450;23,780;100;0;22;0;0;0;0;0;0;0;0;0;1;0;0;0;0;0;0;2,060;0,000;0;0,000;819,324;None;0;0;479,414;1357,200;11135,380;-3132,700;0,000;0,000;0,000;0,000;0,000;0,000;0,000;0,000;0,000;0,000;0,000;0,000;0,000;0,000;0,000;0,000;0,000;0,000
2,700;24,030;100;0;22;0;0;0;0;0;0;0;0;0;1;0;0;0;0;0;0;2,060;0,000;0;0,000;819,324;None;0;0;483,458;1351,010;11017,130;-3134,760;0,000;0,000;0,000;0,000;0,000;0,000;0,000;0,000;0,000;0,000;0,000;0,000;0,000;0,000;0,000;0,000;0,000;0,000;FLAG_PICKEDUP;1;CTF-1on1-Joust.ObservedRemoteBot2
2,700;24,030;100;0;22;0;0;0;0;0;0;0;0;0;1;0;0;0;0;0;0;2,060;0,000;0;0,000;819,324;None;0;0;483,458;1351,010;11017,130;-3134,760;0,000;0,000;0,000;0,000;0,000;0,000;0,000;0,000;0,000;0,000;0,000;0,000;0,000;0,000;0,000;0,000;0,000;0,000;FLAG_PICKEDUP;0;
2,700;24,030;100;0;22;0;0;0;0;0;0;0;0;0;1;0;0;0;0;0;0;2,310;0,000;0;0,000;937,754;None;0;0;483,458;1351,010;11017,130;-3134,760;0,000;0,000;0,000;0,000;0,000;0,000;0,000;0,000;0,000;0,000;0,000;0,000;0,000;0,000;0,000;0,000;0,000;0,000
2,930;24,260;93;0;22;0;0;0;0;0;0;0;0;0;1;0;0;0;0;0;0;2,540;0,000;0;0,000;1057,352;None;0;0;440,033;1345,320;10908,450;-3184,360;0,000;0,000;0,000;0,000;0,000;0,000;0,000;0,000;0,000;0,000;0,000;0,000;0,000;0,000;0,000;0,000;0,000;0,000
3,190;24,520;93;0;22;0;0;0;0;0;0;0;0;0;1;0;0;0;0;0;0;2,800;0,260;0;0,000;1115,429;None;0;1;440,001;1385,970;10949,910;-3183,100;0,000;0,000;0,000;0,000;0,000;0,000;0,000;0,000;0,000;0,260;0,000;0,000;0,000;0,000;0,000;0,000;0,000;0,000
3,440;24,770;93;0;22;0;0;0;0;0;0;0;0;0;1;0;0;0;0;0;0;2,800;0,510;0;0,000;1139,564;None;0;1;0,000;1395,670;10972,010;-3183,100;0,000;0,000;0,000;0,000;0,000;0,000;0,000;0,000;0,000;0,510;0,000;0,000;0,000;0,000;0,000;0,000;0,000;0,000
3,700;25,030;93;0;22;0;0;0;0;0;0;0;0;0;1;0;0;0;0;0;0;3,060;0,770;0;0,000;1166,555;None;0;1;297,372;1368,680;10972,120;-3183,100;0,000;0,000;0,000;0,000;0,000;0,000;0,000;0,000;0,000;0,770;0,000;0,000;0,000;0,000;0,000;0,000;0,000;0,000
3,950;25,280;93;0;22;0;0;0;0;0;0;0;0;0;1;0;0;0;0;0;0;3,310;1,020;0;0,000;1229,045;None;0;1;103,379;1308,030;10973,380;-3198,100;0,000;0,000;0,000;0,000;0,000;0,000;0,000;0,000;0,000;1,020;0,000;0,000;0,000;0,000;0,000;0,000;0,000;0,000
4,190;25,520;93;0;22;0;0;0;0;0;0;0;0;0;1;0;0;0;0;0;0;3,550;1,260;0;0,000;1264,134;None;0;1;120,136;1339,690;10975,360;-3183,100;0,000;0,000;0,000;0,000;0,000;0,000;0,000;0,000;0,000;1,260;0,000;0,000;0,000;0,000;0,000;0,000;0,000;0,000
4,440;25,770;93;0;22;0;0;0;0;0;0;0;0;0;1;0;0;0;0;0;0;3,800;1,510;0;0,000;1357,685;None;0;1;440,000;1247,350;10975,650;-3198,100;0,000;0,000;0,000;0,000;0,000;0,000;0,000;0,000;0,000;1,510;0,000;0,000;0,000;0,000;0,000;0,000;0,000;0,000
4,700;26,030;93;0;22;0;0;0;0;0;0;0;0;0;1;0;0;0;0;0;0;4,060;1,770;0;0,000;1469,495;None;0;1;440,000;1135,540;10975,620;-3198,100;0,000;0,000;0,000;0,000;0,000;0,000;0,000;0,000;0,000;1,770;0,000;0,000;0,000;0,000;0,000;0,000;0,000;0,000
4,950;26,280;93;0;22;0;0;0;0;0;0;0;0;0;1;0;0;0;0;0;0;4,310;2,020;0;0,000;1581,295;None;0;1;440,000;1023,740;10975,570;-3198,020;0,000;0,000;0,000;0,000;0,000;0,000;0,000;0,000;0,000;2,020;0,000;0,000;0,000;0,000;0,000;0,000;0,000;0,000
5,210;26,540;93;0;22;0;0;0;0;0;0;0;0;0;1;0;0;0;0;0;0;4,570;2,280;0;0,000;1626,805;None;0;1;412,470;1069,230;10975,630;-3196,690;0,000;0,000;0,000;0,000;0,000;0,000;0,000;0,000;0,000;2,280;0,000;0,000;0,000;0,000;0,000;0,000;0,000;0,000
5,460;26,790;93;0;22;0;0;0;0;0;0;0;0;0;1;0;0;0;0;0;0;4,820;2,530;0;0,000;1738,624;None;0;1;440,000;1181,040;10975,730;-3198,100;0,000;0,000;0,000;0,000;0,000;0,000;0,000;0,000;0,000;2,530;0,000;0,000;0,000;0,000;0,000;0,000;0,000;0,000
5,720;27,050;93;0;22;0;0;0;0;0;0;0;0;0;1;0;0;0;0;0;0;5,080;2,790;0;0,000;1852,364;None;0;1;440,000;1294,780;10975,830;-3198,100;0,000;0,000;0,000;0,000;0,000;0,000;0,000;0,000;0,000;2,790;0,000;0,000;0,000;0,000;0,000;0,000;0,000;0,000
5,970;27,300;93;0;22;0;0;0;0;0;0;0;0;0;1;0;0;0;0;0;0;5,080;3,040;0;0,000;1941,653;None;0;1;0,000;1382,800;10975,900;-3183,100;0,000;0,000;0,000;0,000;0,000;0,000;0,000;0,000;0,000;3,040;0,000;0,000;0,000;0,000;0,000;0,000;0,000;0,000
5,970;27,300;93;0;22;0;0;0;1;0;1;0;0;0;1;0;0;0;0;0;0;5,080;3,040;0;0,000;1941,653;None;0;1;0,000;1382,800;10975,900;-3183,100;0,000;0,000;0,000;0,000;0,000;0,000;0,000;0,000;0,000;3,040;0,000;0,000;0,000;0,000;0,000;0,000;0,000;0,000;PLAYER_KILLED;CTF-1on1-Joust.ObservedRemoteBot1;XWeapons.DamTypeSniperShot
6,230;27,560;93;0;34;0;0;0;1;0;1;0;0;0;1;0;0;0;0;0;0;5,080;3,040;0;0,000;1941,653;None;0;1;223,030;1366,600;10975,890;-3183,100;0,000;0,000;0,000;0,000;0,000;0,000;0,000;0,000;0,000;3,040;0,000;0,000;0,000;0,000;0,000;0,000;0,000;0,000;FLAG_DROPPED;0;None
6,230;27,560;93;0;34;0;0;0;1;0;1;0;0;0;1;0;0;0;0;0;0;5,340;3,300;0;0,000;1957,853;None;0;1;223,030;1366,600;10975,890;-3183,100;0,000;0,000;0,000;0,000;0,000;0,000;0,000;0,000;0,000;3,300;0,000;0,000;0,000;0,000;0,000;0,000;0,000;0,000
6,480;27,810;5;0;34;0;0;0;1;0;1;0;0;0;1;0;0;0;0;0;0;5,590;3,300;0;0,000;2063,159;None;0;0;441,350;1262,460;10975,820;-3198,730;0,000;0,000;0,000;0,000;0,000;0,000;0,000;0,000;0,000;3,300;0,000;0,000;0,000;0,000;0,000;0,000;0,000;0,000
6,740;28,070;5;0;34;0;0;0;1;0;1;0;0;0;1;0;0;0;0;0;0;5,850;3,300;0;0,000;2142,611;None;0;0;409,730;1183,010;10975,770;-3198,150;0,000;0,000;0,000;0,000;0,000;0,000;0,000;0,000;0,000;3,300;0,000;0,000;0,000;0,000;0,000;0,000;0,000;0,000
6,990;28,320;5;0;34;0;0;0;1;0;1;0;0;0;1;0;0;0;0;0;0;6,100;3,300;0;0,000;2158,271;None;0;0;251,210;1167,350;10975,760;-3198,150;0,000;0,000;0,000;0,000;0,000;0,000;0,000;0,000;0,000;3,300;0,000;0,000;0,000;0,000;0,000;0,000;0,000;0,000
7,250;28,580;5;0;34;0;0;0;1;0;1;0;0;0;1;0;0;0;0;0;0;6,360;3,300;0;0,000;2264,471;None;0;0;440,000;1273,550;10975,830;-3198,150;0,000;0,000;0,000;0,000;0,000;0,000;0,000;0,000;0,000;3,300;0,000;0,000;0,000;0,000;0,000;0,000;0,000;0,000
7,250;28,580;5;0;34;0;1;0;1;1;1;0;0;0;1;0;0;0;0;0;0;6,360;3,300;0;0,000;2264,471;None;0;0;440,000;1273,550;10975,830;-3198,150;0,000;0,000;0,000;0,000;0,000;0,000;0,000;0,000;0,000;3,300;0,000;0,000;0,000;0,000;0,000;0,000;0,000;0,000;BOT_KILLED;CTF-1on1-Joust.ObservedRemoteBot1;XWeapons.DamTypeRocket
7,500;28,830;100;0;34;0;1;0;1;1;1;0;0;0;1;0;0;0;0;0;0;6,360;3,300;0;0,000;2264,471;None;0;0;0,000;1399,580;11944,150;-3198,150;0,000;0,000;0,000;0,000;0,000;0,000;0,000;0,000;0,000;3,300;0,000;0,000;0,000;0,000;0,000;0,000;0,000;0,000;FLAG_DROPPED;1;None
7,500;28,830;100;0;34;0;1;0;1;1;1;0;0;0;1;0;0;0;0;0;0;6,360;3,300;0;0,000;2264,471;None;0;0;0,000;1399,580;11944,150;-3198,150;0,000;0,000;0,000;0,000;0,000;0,000;0,000;0,000;0,000;3,300;0,000;0,000;0,000;0,000;0,000;0,000;0,000;0,000
7,750;29,080;100;0;34;0;1;0;1;1;1;0;0;0;1;0;0;0;0;0;0;6,610;3,300;0;0,000;2304,957;None;0;0;371,769;1397,460;11903,720;-3198,150;0,000;0,000;0,000;0,000;0,000;0,000;0,000;0,000;0,000;3,300;0,000;0,000;0,000;0,000;0,000;0,000;0,000;0,000
8,010;29,340;100;0;34;0;1;0;1;1;1;0;0;0;1;0;0;0;0;0;0;6,870;3,300;0;0,000;2417,240;None;0;0;440,003;1391,590;11791,590;-3198,150;0,000;0,000;0,000;0,000;0,000;0,000;0,000;0,000;0,000;3,300;0,000;0,000;0,000;0,000;0,000;0,000;0,000;0,000
8,260;29,590;100;0;34;0;1;0;1;1;1;0;0;0;1;0;0;0;0;0;0;7,120;3,300;0;0,000;2529,043;None;0;0;440,003;1385,740;11679,940;-3198,150;0,000;0,000;0,000;0,000;0,000;0,000;0,000;0,000;0,000;3,300;0,000;0,000;0,000;0,000;0,000;0,000;0,000;0,000
8,520;29,850;100;0;34;0;1;0;1;1;1;0;0;0;1;0;0;0;0;0;0;7,380;3,300;0;0,000;2640,857;None;0;0;440,003;1379,890;11568,280;-3198,150;0,000;0,000;0,000;0,000;0,000;0,000;0,000;0,000;0,000;3,300;0,000;0,000;0,000;0,000;0,000;0,000;0,000;0,000
8,770;30,100;100;0;34;0;1;0;1;1;1;0;0;0;1;0;0;0;0;0;0;7,630;3,300;0;0,000;2754,112;None;0;0;440,003;1373,960;11455,180;-3198,150;0,000;0,000;0,000;0,000;0,000;0,000;0,000;0,000;0,000;3,300;0,000;0,000;0,000;0,000;0,000;0,000;0,000;0,000
9,030;30,360;100;0;34;0;1;0;1;1;1;0;0;0;1;0;0;0;0;0;0;7,890;3,300;0;0,000;2865,915;None;0;0;556,060;1368,110;11343,530;-3198,150;0,000;0,000;0,000;0,000;0,000;0,000;0,000;0,000;0,000;3,300;0,000;0,000;0,000;0,000;0,000;0,000;0,000;0,000
9,030;30,360;100;0;34;0;1;0;1;1;1;0;0;0;2;0;0;0;0;0;0;7,890;3,300;0;0,000;2865,915;None;0;0;556,060;1368,110;11343,530;-3198,150;0,000;0,000;0,000;0,000;0,000;0,000;0,000;0,000;0,000;3,300;0,000;0,000;0,000;0,000;0,000;0,000;0,000;0,000;ITEM_PICKEDUP;XWeapons.SniperRiflePickup;Weapon
9,280;30,610;100;0;34;0;1;0;1;1;1;0;0;0;2;0;0;0;0;0;0;8,140;3,300;0;0,000;2990,834;None;0;0;450,911;1362,260;11231,880;-3142,430;0,000;0,000;0,000;0,000;0,000;0,000;0,000;0,000;0,000;3,300;0,000;0,000;0,000;0,000;0,000;0,000;0,000;0,000
9,540;30,870;100;0;34;0;1;0;1;1;1;0;0;0;2;0;0;0;0;0;0;8,140;3,300;0;0,000;2990,834;None;0;0;467,875;1356,290;11117,850;-3120,870;0,000;0,000;0,000;0,000;0,000;0,000;0,000;0,000;0,000;3,300;0,000;0,000;0,000;0,000;0,000;0,000;0,000;0,000;FLAG_PICKEDUP;0;
9,540;30,870;100;0;34;0;1;0;1;1;1;0;0;0;2;0;0;0;0;0;0;8,400;3,300;0;0,000;3107,037;None;0;0;467,875;1356,290;11117,850;-3120,870;0,000;0,000;0,000;0,000;0,000;0,000;0,000;0,000;0,000;3,300;0,000;0,000;0,000;0,000;0,000;0,000;0,000;0,000
9,790;31,120;100;0;34;0;1;0;1;1;1;0;0;0;2;0;0;0;0;0;0;8,650;3,300;0;0,000;3227,152;None;0;0;507,025;1350,090;10999,590;-3140,960;0,000;0,000;0,000;0,000;0,000;0,000;0,000;0,000;0,000;3,300;0,000;0,000;0,000;0,000;0,000;0,000;0,000;0,000
10,050;31,380;100;0;34;0;1;0;1;1;1;0;0;0;2;0;0;0;0;0;0;8,910;3,300;0;0,000;3341,490;None;0;0;380,682;1325,730;10897,910;-3187,230;0,000;0,000;0,000;0,000;0,000;0,000;0,000;0,000;0,000;3,300;0,000;0,000;0,000;0,000;0,000;0,000;0,000;0,000
10,300;31,630;30;0;34;0;1;0;1;1;1;0;0;0;2;0;0;0;0;0;0;8,910;3,300;0;0,000;3341,490;None;0;1;91,504;1290,890;10914,800;-3201,240;0,000;0,000;0,000;0,000;0,000;0,000;0,000;0,000;0,000;3,300;0,000;0,000;0,000;0,000;0,000;0,000;0,000;0,000;FLAG_PICKEDUP;1;CTF-1on1-Joust.ObservedRemoteBot2
10,300;31,630;30;0;34;0;1;0;1;1;1;0;0;0;2;0;0;0;0;0;0;9,160;3,550;0;0,000;3382,665;None;0;1;91,504;1290,890;10914,800;-3201,240;0,000;0,000;0,000;0,000;0,000;0,000;0,000;0,000;0,000;3,550;0,000;0,000;0,000;0,000;0,000;0,000;0,000;0,000
10,560;31,890;30;0;34;0;1;0;1;1;1;0;0;0;2;0;0;0;0;0;0;9,420;3,810;0;0,000;3470,029;None;0;1;439,996;1363,200;10960,350;-3183,100;0,000;0,000;0,000;0,000;0,000;0,000;0,000;0,000;0,000;3,810;0,000;0,000;0,000;0,000;0,000;0,000;0,000;0,000
10,810;32,140;30;0;34;0;1;0;1;1;1;0;0;0;2;0;0;0;0;0;0;9,420;4,060;0;0,000;3494,168;None;0;1;0,000;1384,650;10971,420;-3183,100;0,000;0,000;0,000;0,000;0,000;0,000;0,000;0,000;0,000;4,060;0,000;0,000;0,000;0,000;0,000;0,000;0,000;0,000
11,060;32,390;30;0;34;0;1;0;1;1;1;0;0;0;2;0;0;0;0;0;0;9,670;4,310;0;0,000;3550,704;None;0;1;439,995;1328,190;10971,680;-3186,030;0,000;0,000;0,000;0,000;0,000;0,000;0,000;0,000;0,000;4,310;0,000;0,000;0,000;0,000;0,000;0,000;0,000;0,000
11,320;32,650;30;0;34;0;1;0;1;1;1;0;0;0;2;0;0;0;0;0;0;9,930;4,570;0;0,000;3663,155;None;0;1;439,995;1216,390;10972,210;-3198,100;0,000;0,000;0,000;0,000;0,000;0,000;0,000;0,000;0,000;4,570;0,000;0,000;0,000;0,000;0,000;0,000;0,000;0,000
11,570;32,900;30;0;34;0;1;0;1;1;1;0;0;0;2;0;0;0;0;0;0;10,180;4,820;0;0,000;3774,977;None;0;1;439,995;1104,590;10972,730;-3195,950;0,000;0,000;0,000;0,000;0,000;0,000;0,000;0,000;0,000;4,820;0,000;0,000;0,000;0,000;0,000;0,000;0,000;0,000
11,830;33,160;30;0;34;0;1;0;1;1;1;0;0;0;2;0;0;0;0;0;0;10,440;5,080;0;0,000;3887,761;None;0;1;439,995;991,820;10973,260;-3197,620;0,000;0,000;0,000;0,000;0,000;0,000;0,000;0,000;0,000;5,080;0,000;0,000;0,000;0,000;0,000;0,000;0,000;0,000
12,080;33,410;30;0;34;0;1;0;1;1;1;0;0;0;2;0;0;0;0;0;0;10,690;5,330;0;0,000;3999,597;None;0;1;439,995;880,020;10973,790;-3194,830;0,000;0,000;0,000;0,000;0,000;0,000;0,000;0,000;0,000;5,330;0,000;0,000;0,000;0,000;0,000;0,000;0,000;0,000
12,350;33,680;30;0;34;0;1;0;1;1;1;0;0;0;2;0;0;0;0;0;0;10,960;5,600;0;0,000;4116,750;None;0;1;439,995;763,370;10974,350;-3184,000;0,000;0,000;0,000;0,000;0,000;0,000;0,000;0,000;0,000;5,600;0,000;0,000;0,000;0,000;0,000;0,000;0,000;0,000
12,600;33,930;30;0;34;0;1;0;1;1;1;0;0;0;2;0;0;0;0;0;0;11,210;5,850;0;0,000;4229,486;None;0;1;439,995;651,090;10974,880;-3173,880;0,000;0,000;0,000;0,000;0,000;0,000;0,000;0,000;0,000;5,850;0,000;0,000;0,000;0,000;0,000;0,000;0,000;0,000
12,860;34,190;30;0;34;0;1;0;1;1;1;0;0;0;2;0;0;0;0;0;0;11,210;6,110;0;0,000;4317,508;None;0;1;0,000;563,070;10975,300;-3173,560;0,000;0,000;0,000;0,000;0,000;0,000;0,000;0,000;0,000;6,110;0,000;0,000;0,000;0,000;0,000;0,000;0,000;0,000
13,110;34,440;30;0;34;0;1;0;1;1;1;0;0;0;2;0;0;0;0;0;0;11,460;6,360;0;0,000;4325,617;None;0;1;148,680;554,970;10975,300;-3173,960;0,000;0,000;0,000;0,000;0,000;0,000;0,000;0,000;0,000;6,360;0,000;0,000;0,000;0,000;0,000;0,000;0,000;0,000
13,110;34,440;30;0;34;0;2;0;1;2;1;0;0;0;2;0;0;0;0;0;0;11,460;6,360;0;0,000;4325,617;None;0;1;148,680;554,970;10975,300;-3173,960;0,000;0,000;0,000;0,000;0,000;0,000;0,000;0,000;0,000;6,360;0,000;0,000;0,000;0,000;0,000;0,000;0,000;0,000;BOT_KILLED;CTF-1on1-Joust.ObservedRemoteBot1;XWeapons.DamTypeSniperShot
13,370;34,700;100;0;34;0;2;0;1;2;1;0;0;0;2;0;0;0;0;0;0;11,460;6,360;0;0,000;4325,617;None;0;0;0,000;1405,890;9955,620;-3193,950;0,000;0,000;0,000;0,000;0,000;0,000;0,000;0,000;0,000;6,360;0,000;0,000;0,000;0,000;0,000;0,000;0,000;0,000;FLAG_DROPPED;1;
13,370;34,700;100;0;34;0;2;0;1;2;1;0;0;0;2;0;0;0;0;0;0;11,460;6,360;0;0,000;4325,617;None;0;0;0,000;1405,890;9955,620;-3193,950;0,000;0,000;0,000;0,000;0,000;0,000;0,000;0,000;0,000;6,360;0,000;0,000;0,000;0,000;0,000;0,000;0,000;0,000
13,620;34,950;100;0;34;0;2;0;1;2;1;0;0;0;2;0;0;0;0;0;0;11,460;6,360;0;0,000;4325,617;None;0;0;0,000;1405,890;9955,620;-3193,950;0,000;0,000;0,000;0,000;0,000;0,000;0,000;0,000;0,000;6,360;0,000;0,000;0,000;0,000;0,000;0,000;0,000;0,000
13,870;35,200;100;0;34;0;2;0;1;2;1;0;0;0;2;0;0;0;0;0;0;11,710;6,360;0;0,000;4342,138;None;0;0;225,273;1405,720;9972,140;-3193,950;0,000;0,000;0,000;0,000;0,000;0,000;0,000;0,000;0,000;6,360;0,000;0,000;0,000;0,000;0,000;0,000;0,000;0,000
14,130;35,460;100;0;34;0;2;0;1;2;1;0;0;0;2;0;0;0;0;0;0;11,970;6,360;0;0,000;4446,445;None;0;0;439,985;1404,600;10076,440;-3193,560;0,000;0,000;0,000;0,000;0,000;0,000;0,000;0,000;0,000;6,360;0,000;0,000;0,000;0,000;0,000;0,000;0,000;0,000
14,380;35,710;100;0;34;0;2;0;1;2;1;0;0;0;2;0;0;0;0;0;0;12,220;6,360;0;0,000;4558,255;None;0;0;439,985;1403,400;10188,240;-3194,460;0,000;0,000;0,000;0,000;0,000;0,000;0,000;0,000;0,000;6,360;0,000;0,000;0,000;0,000;0,000;0,000;0,000;0,000
14,640;35,970;100;0;34;0;2;0;1;2;1;0;0;0;2;0;0;0;0;0;0;12,480;6,360;0;0,000;4670,556;None;0;0;440,005;1402,200;10300,520;-3196,240;0,000;0,000;0,000;0,000;0,000;0,000;0,000;0,000;0,000;6,360;0,000;0,000;0,000;0,000;0,000;0,000;0,000;0,000
14,890;36,220;100;0;34;0;2;0;1;2;1;0;0;0;2;0;0;0;0;0;0;12,730;6,360;0;0,000;4782,368;None;0;0;439,985;1401,000;10412,310;-3198,100;0,000;0,000;0,000;0,000;0,000;0,000;0,000;0,000;0,000;6,360;0,000;0,000;0,000;0,000;0,000;0,000;0,000;0,000
15,150;36,480;100;0;34;0;2;0;1;2;1;0;0;0;2;0;0;0;0;0;0;12,990;6,360;0;0,000;4897,746;None;0;0;539,112;1399,790;10525,530;-3175,920;0,000;0,000;0,000;0,000;0,000;0,000;0,000;0,000;0,000;6,360;0,000;0,000;0,000;0,000;0,000;0,000;0,000;0,000
15,400;36,730;100;0;34;0;2;0;1;2;1;0;0;0;2;0;0;0;0;0;0;13,240;6,360;0;0,000;5022,169;None;0;0;466,976;1398,520;10643,940;-3137,730;0,000;0,000;0,000;0,000;0,000;0,000;0,000;0,000;0,000;6,360;0,000;0,000;0,000;0,000;0,000;0,000;0,000;0,000
15,650;36,980;100;0;34;0;2;0;1;2;1;0;0;0;2;0;0;0;0;0;0;13,490;6,360;0;0,000;5155,360;None;0;0;497,596;1397,250;10762,350;-3076,760;0,000;0,000;0,000;0,000;0,000;0,000;0,000;0,000;0,000;6,360;0,000;0,000;0,000;0,000;0,000;0,000;0,000;0,000
15,920;37,250;100;0;34;0;2;0;1;2;1;0;0;0;2;0;0;0;0;0;0;13,760;6,360;0;0,000;5280,570;None;0;0;472,779;1395,920;10886,910;-3064,090;0,000;0,000;0,000;0,000;0,000;0,000;0,000;0,000;0,000;6,360;0,000;0,000;0,000;0,000;0,000;0,000;0,000;0,000
16,180;37,510;100;0;34;0;2;0;1;2;1;0;0;0;2;0;0;0;0;0;0;14,020;6,620;0;0,000;5409,464;None;0;1;565,848;1394,650;11005,330;-3114,970;0,000;0,000;0,000;0,000;0,000;0,000;0,000;0,000;0,000;6,360;0,000;0,000;0,000;0,260;0,000;0,000;0,000;0,000
16,430;37,760;100;0;34;0;2;0;1;2;1;0;0;0;2;0;0;0;0;0;0;14,270;6,870;0;0,000;5543,670;None;0;1;110,096;1393,520;11110,470;-3198,370;0,000;0,000;0,000;0,000;0,000;0,000;0,000;0,000;0,000;6,360;0,000;0,000;0,000;0,510;0,000;0,000;0,000;0,000
16,680;38,010;100;0;34;0;2;0;1;2;1;0;0;0;2;0;0;0;0;0;0;14,520;7,120;0;0,000;5589,629;None;0;1;387,011;1356,960;11082,620;-3198,370;0,000;0,000;0,000;0,000;0,000;0,000;0,000;0,000;0,000;6,360;0,000;0,000;0,000;0,760;0,000;0,000;0,000;0,000
16,680;38,010;100;0;34;0;2;0;2;2;1;0;0;0;2;0;0;0;0;0;0;14,520;7,120;0;0,000;5589,629;None;0;1;387,011;1356,960;11082,620;-3198,370;0,000;0,000;0,000;0,000;0,000;0,000;0,000;0,000;0,000;6,360;0,000;0,000;0,000;0,760;0,000;0,000;0,000;0,000;PLAYER_KILLED;CTF-1on1-Joust.ObservedRemoteBot1;XWeapons.DamTypeAssaultBullet
16,940;38,270;100;0;46;0;2;0;2;2;1;0;0;0;2;0;0;0;0;0;0;14,520;7,120;0;0,000;5589,629;None;0;0;439,999;1246,520;11065,380;-3198,100;0,000;0,000;0,000;0,000;0,000;0,000;0,000;0,000;0,000;6,360;0,000;0,000;0,000;0,760;0,000;0,000;0,000;0,000;FLAG_DROPPED;0;None
16,940;38,270;100;0;46;0;2;0;2;2;1;0;0;0;2;0;0;0;0;0;0;14,780;7,120;0;0,000;5701,407;None;0;0;439,999;1246,520;11065,380;-3198,100;0,000;0,000;0,000;0,000;0,000;0,000;0,000;0,000;0,000;6,360;0,000;0,000;0,000;0,760;0,000;0,000;0,000;0,000
17,190;38,520;100;0;46;0;2;0;2;2;1;0;0;0;2;0;0;0;0;0;0;15,030;7,120;0;0,000;5766,737;None;0;0;169,450;1184,460;11044,970;-3198,100;0,000;0,000;0,000;0,000;0,000;0,000;0,000;0,000;0,000;6,360;0,000;0,000;0,000;0,760;0,000;0,000;0,000;0,000
17,450;38,780;100;0;46;0;2;0;2;2;1;0;0;0;2;0;0;0;0;0;0;15,290;7,120;0;0,000;5864,284;None;0;0;439,994;1275,830;11010,810;-3198,100;0,000;0,000;0,000;0,000;0,000;0,000;0,000;0,000;0,000;6,360;0,000;0,000;0,000;0,760;0,000;0,000;0,000;0,000
17,700;39,030;100;0;46;0;2;0;2;2;1;0;0;0;2;0;0;0;0;0;0;15,540;7,120;0;0,000;5977,087;None;0;0;439,993;1383,090;10979,270;-3183,100;0,000;0,000;0,000;0,000;0,000;0,000;0,000;0,000;0,000;6,360;0,000;0,000;0,000;0,760;0,000;0,000;0,000;0,000
17,960;39,290;100;0;46;0;2;0;2;2;1;0;0;0;2;0;0;0;0;0;0;15,540;7,120;0;0,000;5985,246;None;0;0;0,000;1390,930;10977,010;-3183,100;0,000;0,000;0,000;0,000;0,000;0,000;0,000;0,000;0,000;6,360;0,000;0,000;0,000;0,760;0,000;0,000;0,000;0,000
18,210;39,540;100;0;46;0;2;0;2;2;1;0;0;0;2;0;0;0;0;0;0;15,790;7,120;0;0,000;6025,726;None;0;0;371,711;1350,450;10976,930;-3183,100;0,000;0,000;0,000;0,000;0,000;0,000;0,000;0,000;0,000;6,360;0,000;0,000;0,000;0,760;0,000;0,000;0,000;0,000
18,460;39,790;100;0;46;0;2;0;2;2;1;0;0;0;2;0;0;0;0;0;0;16,040;7,120;0;0,000;6138,528;None;0;0;440,001;1238,650;10976,720;-3198,100;0,000;0,000;0,000;0,000;0,000;0,000;0,000;0,000;0,000;6,360;0,000;0,000;0,000;0,760;0,000;0,000;0,000;0,000
18,720;40,050;100;0;46;0;2;0;2;2;1;0;0;0;2;0;0;0;0;0;0;16,300;7,120;0;0,000;6250,338;None;0;0;440,001;1126,840;10976,500;-3198,100;0,000;0,000;0,000;0,000;0,000;0,000;0,000;0,000;0,000;6,360;0,000;0,000;0,000;0,760;0,000;0,000;0,000;0,000
18,970;40,300;100;0;46;0;2;0;2;2;1;0;0;0;2;0;0;0;0;0;0;16,550;7,120;0;0,000;6362,139;None;0;0;440,001;1015,040;10976,280;-3197,840;0,000;0,000;0,000;0,000;0,000;0,000;0,000;0,000;0,000;6,360;0,000;0,000;0,000;0,760;0,000;0,000;0,000;0,000
19,230;40,560;100;0;46;0;2;0;2;2;1;0;0;0;2;0;0;0;0;0;0;16,810;7,120;0;0,000;6473,981;None;0;0;440,001;903,240;10976,060;-3194,760;0,000;0,000;0,000;0,000;0,000;0,000;0,000;0,000;0,000;6,360;0,000;0,000;0,000;0,760;0,000;0,000;0,000;0,000
19,480;40,810;100;0;46;0;2;0;2;2;1;0;0;0;2;0;0;0;0;0;0;17,060;7,370;0;0,000;6586,023;None;0;1;440,001;791,430;10975,840;-3187,560;0,000;0,000;0,000;0,000;0,000;0,000;0,000;0,000;0,000;6,360;0,000;0,000;0,000;1,010;0,000;0,000;0,000;0,000
19,730;41,060;100;0;46;0;2;0;2;2;1;0;0;0;2;0;0;0;0;0;0;17,310;7,620;0;0,000;6698,402;None;0;1;440,001;679,630;10975,620;-3176,170;0,000;0,000;0,000;0,000;0,000;0,000;0,000;0,000;0,000;6,360;0,000;0,000;0,000;1,260;0,000;0,000;0,000;0,000
19,990;41,320;100;0;46;0;2;0;2;2;1;0;0;0;2;0;0;0;0;0;0;17,570;7,880;0;0,000;6810,249;None;0;1;440,000;567,820;10975,500;-3173,310;0,000;0,000;0,000;0,000;0,000;0,000;0,000;0,000;0,000;6,360;0,000;0,000;0,000;1,520;0,000;0,000;0,000;0,000
20,240;41,570;100;0;46;0;2;0;2;2;1;0;0;0;2;0;0;0;0;0;0;17,570;7,880;0;0,000;6810,249;None;0;1;440,001;456,030;10976,360;-3174,820;0,000;0,000;0,000;0,000;0,000;0,000;0,000;0,000;0,000;6,360;0,000;0,000;0,000;1,520;0,000;0,000;0,000;0,000;FLAG_PICKEDUP;1;CTF-1on1-Joust.ObservedRemoteBot2
20,240;41,570;100;0;46;0;2;0;2;2;1;0;0;0;2;0;0;0;0;0;0;17,820;8,130;0;0,000;6922,052;None;0;1;440,001;456,030;10976,360;-3174,820;0,000;0,000;0,000;0,000;0,000;0,000;0,000;0,000;0,000;6,360;0,000;0,000;0,000;1,770;0,000;0,000;0,000;0,000
20,500;41,830;100;0;46;0;2;0;2;2;1;0;0;0;2;0;0;0;0;0;0;17,820;8,130;0;0,000;6922,052;None;0;1;440,001;344,220;10976,310;-3167,290;0,000;0,000;0,000;0,000;0,000;0,000;0,000;0,000;0,000;6,360;0,000;0,000;0,000;1,770;0,000;0,000;0,000;0,000;FLAG_PICKEDUP;0;CTF-1on1-Joust.ObservedRemoteBot1
20,500;41,830;100;0;46;0;2;0;2;2;1;0;0;0;2;0;0;0;0;0;0;18,080;8,390;0;0,000;7034,115;None;0;1;440,001;344,220;10976,310;-3167,290;0,000;0,000;0,000;0,000;0,000;0,000;0,000;0,000;0,000;6,360;0,000;0,000;0,000;2,030;0,000;0,000;0,000;0,000
20,750;42,080;100;0;46;0;2;0;2;2;1;0;0;0;2;0;0;0;0;0;0;18,330;8,640;0;0,000;7146,049;None;0;1;440,002;232,420;10976,010;-3172,750;0,000;0,000;0,000;0,000;0,000;0,000;0,000;0,000;0,000;6,360;0,000;0,000;0,000;2,280;0,000;0,000;0,000;0,000
21,010;42,340;100;0;46;0;2;0;2;2;1;0;0;0;2;0;0;0;0;0;0;18,590;8,900;0;0,000;7257,858;None;0;1;440,002;120,620;10975,700;-3174,150;0,000;0,000;0,000;0,000;0,000;0,000;0,000;0,000;0,000;6,360;0,000;0,000;0,000;2,540;0,000;0,000;0,000;0,000
21,260;42,590;93;0;46;0;2;0;2;2;1;0;0;0;2;0;0;0;0;0;0;18,590;9,150;0;0,000;7365,049;None;0;1;0,000;16,140;10975,400;-3198,100;0,000;0,000;0,000;0,000;0,000;0,000;0,000;0,000;0,000;6,360;0,000;0,000;0,000;2,790;0,000;0,000;0,000;0,000
21,520;42,850;93;0;46;0;2;0;2;2;1;0;0;0;2;0;0;0;0;0;0;18,850;9,410;0;0,000;7367,747;None;0;1;74,345;13,450;10975,610;-3198,100;0,000;0,000;0,000;0,000;0,000;0,000;0,000;0,000;0,000;6,360;0,000;0,000;0,000;3,050;0,000;0,000;0,000;0,000
21,520;42,850;93;0;46;0;2;0;2;2;1;0;0;0;3;0;0;0;0;0;0;18,850;9,410;0;0,000;7367,747;None;0;1;74,345;13,450;10975,610;-3198,100;0,000;0,000;0,000;0,000;0,000;0,000;0,000;0,000;0,000;6,360;0,000;0,000;0,000;3,050;0,000;0,000;0,000;0,000;ITEM_PICKEDUP;XWeapons.SniperRiflePickup;Weapon
21,770;43,100;86;0;46;0;2;0;2;2;1;0;0;0;3;0;0;0;0;0;0;19,100;9,660;0;0,000;7453,444;None;0;1;439,996;-72,000;10982,110;-3198,100;0,000;0,000;0,000;0,000;0,000;0,000;0,000;0,000;0,000;6,360;0,000;0,000;0,000;3,300;0,000;0,000;0,000;0,000
22,020;43,350;86;0;46;0;2;0;2;2;1;0;0;0;3;0;0;0;0;0;0;19,350;9,660;0;0,000;7567,665;None;0;0;439,996;-183,480;10990,580;-3174,710;0,000;0,000;0,000;0,000;0,000;0,000;0,000;0,000;0,000;6,360;0,000;0,000;0,000;3,300;0,000;0,000;0,000;0,000
22,280;43,610;86;0;46;0;2;0;2;2;1;0;0;0;3;0;0;0;0;0;0;19,610;9,660;0;0,000;7679,477;None;0;0;439,996;-294,960;10999,060;-3176,180;0,000;0,000;0,000;0,000;0,000;0,000;0,000;0,000;0,000;6,360;0,000;0,000;0,000;3,300;0,000;0,000;0,000;0,000
22,530;43,860;79;0;46;0;2;0;2;2;1;0;0;0;3;0;0;0;0;0;0;19,860;9,910;0;0,000;7791,338;None;0;1;440,003;-406,650;11000,760;-3182,130;0,000;0,000;0,000;0,000;0,000;0,000;0,000;0,000;0,000;6,610;0,000;0,000;0,000;3,300;0,000;0,000;0,000;0,000
22,790;44,120;72;0;46;0;2;0;2;2;1;0;0;0;3;0;0;0;0;0;0;20,120;10,170;0;0,000;7903,147;None;0;1;439,994;-518,350;10995,990;-3183,400;0,000;0,000;0,000;0,000;0,000;0,000;0,000;0,000;0,000;6,870;0,000;0,000;0,000;3,300;0,000;0,000;0,000;0,000
23,040;44,370;65;0;46;0;2;0;2;2;1;0;0;0;3;0;0;0;0;0;0;20,370;10,420;0;0,000;7942,440;None;0;1;189,935;-557,610;10995,510;-3181,870;0,000;0,000;0,000;0,000;0,000;0,000;0,000;0,000;0,000;7,120;0,000;0,000;0,000;3,300;0,000;0,000;0,000;0,000
23,300;44,630;65;0;46;0;2;0;2;2;1;0;0;0;3;0;0;0;0;0;0;20,630;10,680;0;0,000;8043,219;None;0;1;440,004;-457,160;11003,450;-3183,630;0,000;0,000;0,000;0,000;0,000;0,000;0,000;0,000;0,000;7,380;0,000;0,000;0,000;3,300;0,000;0,000;0,000;0,000
23,550;44,880;65;0;46;0;2;0;2;2;1;0;0;0;3;0;0;0;0;0;0;20,630;10,930;0;0,000;8083,331;None;0;1;0,000;-417,170;11006,430;-3182,660;0,000;0,000;0,000;0,000;0,000;0,000;0,000;0,000;0,000;7,630;0,000;0,000;0,000;3,300;0,000;0,000;0,000;0,000
23,810;45,140;65;0;46;0;2;0;2;2;1;0;0;0;3;0;0;0;0;0;0;20,890;11,190;0;0,000;8123,822;None;0;1;371,711;-457,580;11004,170;-3183,850;0,000;0,000;0,000;0,000;0,000;0,000;0,000;0,000;0,000;7,890;0,000;0,000;0,000;3,300;0,000;0,000;0,000;0,000
23,810;45,140;65;0;46;0;2;0;3;2;2;0;0;0;3;0;0;0;0;0;0;20,890;11,190;0;0,000;8123,822;None;0;1;371,711;-457,580;11004,170;-3183,850;0,000;0,000;0,000;0,000;0,000;0,000;0,000;0,000;0,000;7,890;0,000;0,000;0,000;3,300;0,000;0,000;0,000;0,000;PLAYER_KILLED;CTF-1on1-Joust.ObservedRemoteBot1;XWeapons.DamTypeSniperShot
24,060;45,390;58;0;58;0;2;0;3;2;2;0;0;0;3;0;0;0;0;0;0;20,890;11,190;0;0,000;8123,822;None;0;1;439,998;-569,210;10997,920;-3181,890;0,000;0,000;0,000;0,000;0,000;0,000;0,000;0,000;0,000;7,890;0,000;0,000;0,000;3,300;0,000;0,000;0,000;0,000;FLAG_DROPPED;0;None
24,060;45,390;58;0;58;0;2;0;3;2;2;0;0;0;3;0;0;0;0;0;0;21,140;11,440;0;0,000;8235,644;None;0;1;439,998;-569,210;10997,920;-3181,890;0,000;0,000;0,000;0,000;0,000;0,000;0,000;0,000;0,000;8,140;0,000;0,000;0,000;3,300;0,000;0,000;0,000;0,000
24,310;45,640;58;0;58;0;2;0;3;2;2;0;0;0;3;0;0;0;0;0;0;21,390;11,440;0;0,000;8347,449;None;0;0;439,998;-680,840;10991,670;-3182,210;0,000;0,000;0,000;0,000;0,000;0,000;0,000;0,000;0,000;8,140;0,000;0,000;0,000;3,300;0,000;0,000;0,000;0,000
24,570;45,900;58;0;58;0;2;0;3;2;2;0;0;0;3;0;0;0;0;0;0;21,650;11,440;0;0,000;8359,591;None;0;0;325,554;-668,730;10992,390;-3181,720;0,000;0,000;0,000;0,000;0,000;0,000;0,000;0,000;0,000;8,140;0,000;0,000;0,000;3,300;0,000;0,000;0,000;0,000
24,820;46,150;58;0;58;0;2;0;3;2;2;0;0;0;3;0;0;0;0;0;0;21,900;11,440;0;0,000;8469,937;None;0;0;440,004;-558,560;10998,630;-3181,770;0,000;0,000;0,000;0,000;0,000;0,000;0,000;0,000;0,000;8,140;0,000;0,000;0,000;3,300;0,000;0,000;0,000;0,000
25,080;46,410;58;0;58;0;2;0;3;2;2;0;0;0;3;0;0;0;0;0;0;22,160;11,440;0;0,000;8581,756;None;0;0;440,003;-446,930;11004,950;-3183,230;0,000;0,000;0,000;0,000;0,000;0,000;0,000;0,000;0,000;8,140;0,000;0,000;0,000;3,300;0,000;0,000;0,000;0,000
25,340;46,670;58;0;58;0;2;0;3;2;2;0;0;0;3;0;0;0;0;0;0;22,160;11,440;0;0,000;8624,302;None;0;0;0,000;-404,470;11007,350;-3181,980;0,000;0,000;0,000;0,000;0,000;0,000;0,000;0,000;0,000;8,140;0,000;0,000;0,000;3,300;0,000;0,000;0,000;0,000
25,590;46,920;58;0;58;0;2;0;3;2;2;0;0;0;3;0;0;0;0;0;0;22,410;11,440;0;0,000;8651,314;None;0;0;297,371;-431,420;11005,840;-3183,010;0,000;0,000;0,000;0,000;0,000;0,000;0,000;0,000;0,000;8,140;0,000;0,000;0,000;3,300;0,000;0,000;0,000;0,000
25,850;47,180;58;0;58;0;2;0;3;2;2;0;0;0;3;0;0;0;0;0;0;22,670;11,440;0;0,000;8764,023;None;0;0;439,997;-543,950;10999,500;-3182,630;0,000;0,000;0,000;0,000;0,000;0,000;0,000;0,000;0,000;8,140;0,000;0,000;0,000;3,300;0,000;0,000;0,000;0,000
26,110;47,440;58;0;58;0;2;0;3;2;2;0;0;0;3;0;0;0;0;0;0;22,930;11,440;0;0,000;8875,836;None;0;0;439,997;-655,580;10993,210;-3181,410;0,000;0,000;0,000;0,000;0,000;0,000;0,000;0,000;0,000;8,140;0,000;0,000;0,000;3,300;0,000;0,000;0,000;0,000
26,360;47,690;58;0;58;0;2;0;3;2;2;0;0;0;3;0;0;0;0;0;0;23,180;11,440;0;0,000;8989,248;None;0;0;439,997;-768,660;10986,840;-3187,280;0,000;0,000;0,000;0,000;0,000;0,000;0,000;0,000;0,000;8,140;0,000;0,000;0,000;3,300;0,000;0,000;0,000;0,000
26,620;47,950;58;0;58;0;2;0;3;2;2;0;0;0;3;0;0;0;0;0;0;23,440;11,440;0;0,000;9101,331;None;0;0;439,997;-880,280;10980,550;-3195,290;0,000;0,000;0,000;0,000;0,000;0,000;0,000;0,000;0,000;8,140;0,000;0,000;0,000;3,300;0,000;0,000;0,000;0,000
26,870;48,200;58;0;58;0;2;0;3;2;2;0;0;0;3;0;0;0;0;0;0;23,690;11,440;0;0,000;9219,086;None;0;0;484,167;-991,910;10974,260;-3158,340;0,000;0,000;0,000;0,000;0,000;0,000;0,000;0,000;0,000;8,140;0,000;0,000;0,000;3,300;0,000;0,000;0,000;0,000
27,130;48,460;58;0;58;0;2;0;3;2;2;0;0;0;3;0;0;0;0;0;0;23,950;11,700;0;0,000;9340,348;None;0;1;586,493;-1107,830;10967,720;-3123,350;0,000;0,000;0,000;0,000;0,000;0,000;0,000;0,000;0,000;8,400;0,000;0,000;0,000;3,300;0,000;0,000;0,000;0,000
27,380;48,710;58;0;58;0;2;0;3;2;2;0;0;0;3;0;0;0;0;0;0;24,200;11,950;0;0,000;9473,008;None;0;1;479,929;-1226,050;10961,060;-3063,530;0,000;0,000;0,000;0,000;0,000;0,000;0,000;0,000;0,000;8,650;0,000;0,000;0,000;3,300;0,000;0,000;0,000;0,000
27,640;48,970;58;0;58;0;2;0;3;2;2;0;0;0;3;0;0;0;0;0;0;24,460;12,210;0;0,000;9591,436;None;0;1;482,927;-1344,280;10954,390;-3065,050;0,000;0,000;0,000;0,000;0,000;0,000;0,000;0,000;0,000;8,910;0,000;0,000;0,000;3,300;0,000;0,000;0,000;0,000
27,890;49,220;58;0;58;0;2;0;3;2;2;0;0;0;3;0;0;0;0;0;0;24,460;12,210;0;0,000;9591,436;None;0;1;593,824;-1462,510;10947,730;-3127,900;0,000;0,000;0,000;0,000;0,000;0,000;0,000;0,000;0,000;8,910;0,000;0,000;0,000;3,300;0,000;0,000;0,000;0,000;FLAG_PICKEDUP;0;
27,890;49,220;58;0;58;0;2;0;3;2;2;0;0;0;3;0;0;0;0;0;0;24,710;12,460;0;0,000;9725,499;None;0;1;593,824;-1462,510;10947,730;-3127,900;0,000;0,000;0,000;0,000;0,000;0,000;0,000;0,000;0,000;9,160;0,000;0,000;0,000;3,300;0,000;0,000;0,000;0,000
28,150;49,480;58;0;58;0;2;0;3;2;2;0;0;0;3;0;0;0;0;0;0;24,970;12,720;0;0,000;9836,593;None;0;1;51,699;-1552,520;10945,580;-3192,980;0,000;0,000;0,000;0,000;0,000;0,000;0,000;0,000;0,000;9,420;0,000;0,000;0,000;3,300;0,000;0,000;0,000;0,000
28,410;49,740;58;0;58;0;2;0;3;2;2;0;0;0;3;0;0;0;0;0;0;25,230;12,980;0;0,000;9914,947;None;0;1;387,062;-1515,080;11014,220;-3198,100;0,000;0,000;0,000;0,000;0,000;0,000;0,000;0,000;0,000;9,680;0,000;0,000;0,000;3,300;0,000;0,000;0,000;0,000
28,660;49,990;58;0;58;0;2;0;3;2;2;0;0;0;3;0;0;0;0;0;0;25,480;13,230;0;0,000;9975,407;None;0;1;79,703;-1457,400;11022,730;-3182,100;0,000;0,000;0,000;0,000;0,000;0,000;0,000;0,000;0,000;9,930;0,000;0,000;0,000;3,300;0,000;0,000;0,000;0,000
28,660;49,990;58;0;58;0;2;0;4;2;3;0;0;0;3;0;0;0;0;0;0;25,480;13,230;0;0,000;9975,407;None;0;1;79,703;-1457,400;11022,730;-3182,100;0,000;0,000;0,000;0,000;0,000;0,000;0,000;0,000;0,000;9,930;0,000;0,000;0,000;3,300;0,000;0,000;0,000;0,000;PLAYER_KILLED;CTF-1on1-Joust.ObservedRemoteBot1;XWeapons.DamTypeSniperShot
28,920;50,250;58;0;75;0;2;0;4;2;3;0;0;0;3;0;0;0;0;0;0;25,480;13,230;0;0,000;9975,407;None;0;0;399,993;-1425,530;10988,680;-3182,100;0,000;0,000;0,000;0,000;0,000;0,000;0,000;0,000;0,000;9,930;0,000;0,000;0,000;3,300;0,000;0,000;0,000;0,000;FLAG_CAPTURED;0;None
28,920;50,250;58;0;75;0;2;0;4;2;3;0;0;0;3;0;0;0;0;0;0;25,740;13,230;0;0,000;10022,045;None;0;0;399,993;-1425,530;10988,680;-3182,100;0,000;0,000;0,000;0,000;0,000;0,000;0,000;0,000;0,000;9,930;0,000;0,000;0,000;3,300;0,000;0,000;0,000;0,000
29,170;50,500;51;0;100;0;2;0;4;2;3;0;0;0;3;0;0;0;0;0;0;25,740;13,230;0;0,000;10022,045;None;0;0;0,000;-1421,660;10982,350;-3182,100;0,000;0,000;0,000;0,000;0,000;0,000;0,000;0,000;0,000;9,930;0,000;0,000;0,000;3,300;0,000;0,000;0,000;0,000;FLAG_CAPTURED;1;
29,170;50,500;51;0;100;0;2;0;4;2;3;0;0;0;3;0;0;0;0;0;0;25,740;13,230;0;0,000;10029,464;None;0;0;0,000;-1421,660;10982,350;-3182,100;0,000;0,000;0,000;0,000;0,000;0,000;0,000;0,000;0,000;9,930;0,000;0,000;0,000;3,300;0,000;0,000;0,000;0,000
29,420;50,750;37;0;100;0;2;0;4;2;3;0;0;0;3;0;0;0;0;0;0;25,740;13,230;0;0,000;10029,464;None;0;0;0,000;-1421,660;10982,350;-3182,100;0,000;0,000;0,000;0,000;0,000;0,000;0,000;0,000;0,000;9,930;0,000;0,000;0,000;3,300;0,000;0,000;0,000;0,000
29,680;51,010;30;0;100;0;2;0;4;2;3;0;0;0;3;0;0;0;0;0;0;25,740;13,230;0;0,000;10029,464;None;0;0;0,000;-1421,660;10982,350;-3182,100;0,000;0,000;0,000;0,000;0,000;0,000;0,000;0,000;0,000;9,930;0,000;0,000;0,000;3,300;0,000;0,000;0,000;0,000
29,930;51,260;30;0;100;0;2;0;4;2;3;0;0;0;3;0;0;0;0;0;0;25,740;13,230;0;0,000;10029,464;None;0;0;0,000;-1421,660;10982,350;-3182,100;0,000;0,000;0,000;0,000;0,000;0,000;0,000;0,000;0,000;9,930;0,000;0,000;0,000;3,300;0,000;0,000;0,000;0,000
30,190;51,520;16;0;100;0;2;0;4;2;3;0;0;0;3;0;0;0;0;0;0;25,740;13,230;0;0,000;10029,464;None;0;0;0,000;-1421,660;10982,350;-3182,100;0,000;0,000;0,000;0,000;0,000;0,000;0,000;0,000;0,000;9,930;0,000;0,000;0,000;3,300;0,000;0,000;0,000;0,000
30,440;51,770;9;0;100;0;2;0;4;2;3;0;0;0;3;0;0;0;0;0;0;25,740;13,230;0;0,000;10029,464;None;0;0;0,000;-1421,660;10982,350;-3182,100;0,000;0,000;0,000;0,000;0,000;0,000;0,000;0,000;0,000;9,930;0,000;0,000;0,000;3,300;0,000;0,000;0,000;0,000
30,700;52,030;2;0;100;0;2;0;4;2;3;0;0;0;3;0;0;0;0;0;0;25,740;13,230;0;0,000;10029,464;None;0;0;0,000;-1421,660;10982,350;-3182,100;0,000;0,000;0,000;0,000;0,000;0,000;0,000;0,000;0,000;9,930;0,000;0,000;0,000;3,300;0,000;0,000;0,000;0,000
30,700;52,030;2;0;100;0;3;0;4;3;3;0;0;0;3;0;0;0;0;0;0;25,740;13,230;0;0,000;10029,464;None;0;0;0,000;-1421,660;10982,350;-3182,100;0,000;0,000;0,000;0,000;0,000;0,000;0,000;0,000;0,000;9,930;0,000;0,000;0,000;3,300;0,000;0,000;0,000;0,000;BOT_KILLED;CTF-1on1-Joust.ObservedRemoteBot1;XWeapons.DamTypeAssaultBullet
30,950;52,280;100;0;100;0;3;0;4;3;3;0;0;0;3;0;0;0;0;0;0;25,740;13,230;0;0,000;10029,464;None;0;0;0,000;1405,890;9955,620;-3193,950;0,000;0,000;0,000;0,000;0,000;0,000;0,000;0,000;0,000;9,930;0,000;0,000;0,000;3,300;0,000;0,000;0,000;0,000
31,210;52,540;100;0;100;0;3;0;4;3;3;0;0;0;3;0;0;0;0;0;0;25,740;13,230;0;0,000;10029,464;None;0;0;0,000;1405,890;9955,620;-3193,950;0,000;0,000;0,000;0,000;0,000;0,000;0,000;0,000;0,000;9,930;0,000;0,000;0,000;3,300;0,000;0,000;0,000;0,000
31,460;52,790;100;0;100;0;3;0;4;3;3;0;0;0;3;0;0;0;0;0;0;25,990;13,230;0;0,000;10085,932;None;0;0;439,985;1405,290;10012,070;-3192,670;0,000;0,000;0,000;0,000;0,000;0,000;0,000;0,000;0,000;9,930;0,000;0,000;0,000;3,300;0,000;0,000;0,000;0,000
31,720;53,050;100;0;100;0;3;0;4;3;3;0;0;0;3;0;0;0;0;0;0;25,990;13,230;0;0,000;10085,932;None;0;0;439,985;1404,090;10123,860;-3193,560;0,000;0,000;0,000;0,000;0,000;0,000;0,000;0,000;0,000;9,930;0,000;0,000;0,000;3,300;0,000;0,000;0,000;0,000;FLAG_PICKEDUP;0;
31,720;53,050;100;0;100;0;3;0;4;3;3;0;0;0;3;0;0;0;0;0;0;26,250;13,230;0;0,000;10197,732;None;0;0;439,985;1404,090;10123,860;-3193,560;0,000;0,000;0,000;0,000;0,000;0,000;0,000;0,000;0,000;9,930;0,000;0,000;0,000;3,300;0,000;0,000;0,000;0,000
31,970;53,300;100;0;100;0;3;0;4;3;3;0;0;0;3;0;0;0;0;0;0;26,500;13,230;0;0,000;10309,547;None;0;0;439,985;1402,890;10235,660;-3194,960;0,000;0,000;0,000;0,000;0,000;0,000;0,000;0,000;0,000;9,930;0,000;0,000;0,000;3,300;0,000;0,000;0,000;0,000
32,230;53,560;100;0;100;0;3;0;4;3;3;0;0;0;3;0;0;0;0;0;0;26,760;13,230;0;0,000;10352,174;None;0;0;399,873;1403,350;10193,040;-3194,370;0,000;0,000;0,000;0,000;0,000;0,000;0,000;0,000;0,000;9,930;0,000;0,000;0,000;3,300;0,000;0,000;0,000;0,000
32,480;53,810;100;0;100;0;3;0;4;3;3;0;0;0;3;0;0;0;0;0;0;27,010;13,230;0;0,000;10464,953;None;0;0;439,985;1404,560;10080,270;-3193,580;0,000;0,000;0,000;0,000;0,000;0,000;0,000;0,000;0,000;9,930;0,000;0,000;0,000;3,300;0,000;0,000;0,000;0,000
32,740;54,070;100;0;100;0;3;0;4;3;3;0;0;0;3;0;0;0;0;0;0;27,270;13,230;0;0,000;10576,751;None;0;0;439,985;1405,750;9968,480;-3194,230;0,000;0,000;0,000;0,000;0,000;0,000;0,000;0,000;0,000;9,930;0,000;0,000;0,000;3,300;0,000;0,000;0,000;0,000
32,990;54,320;100;0;100;0;3;0;4;3;3;0;0;0;3;0;0;0;0;0;0;27,520;13,230;0;0,000;10584,782;None;0;0;223,013;1405,670;9976,510;-3194,230;0,000;0,000;0,000;0,000;0,000;0,000;0,000;0,000;0,000;9,930;0,000;0,000;0,000;3,300;0,000;0,000;0,000;0,000
33,250;54,580;100;0;100;0;3;0;4;3;3;0;0;0;3;0;0;0;0;0;0;27,780;13,230;0;0,000;10689,410;None;0;0;439,985;1404,540;10081,130;-3193,510;0,000;0,000;0,000;0,000;0,000;0,000;0,000;0,000;0,000;9,930;0,000;0,000;0,000;3,300;0,000;0,000;0,000;0,000
33,500;54,830;100;0;100;0;3;0;4;3;3;0;0;0;3;0;0;0;0;0;0;28,030;13,230;0;0,000;10801,221;None;0;0;439,985;1403,350;10192,930;-3194,520;0,000;0,000;0,000;0,000;0,000;0,000;0,000;0,000;0,000;9,930;0,000;0,000;0,000;3,300;0,000;0,000;0,000;0,000
33,750;55,080;100;0;100;0;3;0;4;3;3;0;0;0;3;0;0;0;0;0;0;28,280;13,230;0;0,000;10913,032;None;0;0;439,985;1402,150;10304,720;-3196,320;0,000;0,000;0,000;0,000;0,000;0,000;0,000;0,000;0,000;9,930;0,000;0,000;0,000;3,300;0,000;0,000;0,000;0,000
34,010;55,340;100;0;100;0;3;0;4;3;3;0;0;0;3;0;0;0;0;0;0;28,540;13,230;0;0,000;11024,853;None;0;0;439,985;1400,950;10416,520;-3198,100;0,000;0,000;0,000;0,000;0,000;0,000;0,000;0,000;0,000;9,930;0,000;0,000;0,000;3,300;0,000;0,000;0,000;0,000
34,260;55,590;100;0;100;0;3;0;4;3;3;0;0;0;3;0;0;0;0;0;0;28,790;13,230;0;0,000;11143,246;None;0;0;522,629;1399,730;10530,670;-3166,710;0,000;0,000;0,000;0,000;0,000;0,000;0,000;0,000;0,000;9,930;0,000;0,000;0,000;3,300;0,000;0,000;0,000;0,000
34,520;55,850;100;0;100;0;3;0;4;3;3;0;0;0;3;0;0;0;0;0;0;29,050;13,230;0;0,000;11265,275;None;0;0;615,019;1398,460;10649,090;-3137,280;0,000;0,000;0,000;0,000;0,000;0,000;0,000;0,000;0,000;9,930;0,000;0,000;0,000;3,300;0,000;0,000;0,000;0,000
34,770;56,100;100;0;100;0;3;0;4;3;3;0;0;0;3;0;0;0;0;0;0;29,300;13,230;0;0,000;11403,505;None;0;0;492,721;1397,190;10767,500;-3065,970;0,000;0,000;0,000;0,000;0,000;0,000;0,000;0,000;0,000;9,930;0,000;0,000;0,000;3,300;0,000;0,000;0,000;0,000
35,020;56,350;100;0;100;0;3;0;4;3;3;0;0;0;3;0;0;0;0;0;0;29,550;13,230;0;0,000;11522,342;None;0;0;473,097;1395,920;10885,910;-3055,990;0,000;0,000;0,000;0,000;0,000;0,000;0,000;0,000;0,000;9,930;0,000;0,000;0,000;3,300;0,000;0,000;0,000;0,000
35,280;56,610;100;0;100;0;3;0;4;3;3;0;0;0;3;0;0;0;0;0;0;29,550;13,230;0;0,000;11522,342;None;0;0;566,918;1394,660;11004,320;-3107,350;0,000;0,000;0,000;0,000;0,000;0,000;0,000;0,000;0,000;9,930;0,000;0,000;0,000;3,300;0,000;0,000;0,000;0,000;FLAG_PICKEDUP;1;CTF-1on1-Joust.ObservedRemoteBot2
35,280;56,610;100;0;100;0;3;0;4;3;3;0;0;0;3;0;0;0;0;0;0;29,810;13,230;0;0,000;11651,417;None;0;0;566,918;1394,660;11004,320;-3107,350;0,000;0,000;0,000;0,000;0,000;0,000;0,000;0,000;0,000;9,930;0,000;0,000;0,000;3,300;0,000;0,000;0,000;0,000
35,530;56,860;100;0;100;0;3;0;4;3;3;0;0;0;3;0;0;0;0;0;0;30,060;13,230;0;0,000;11799,926;None;0;0;439,985;1393,400;11121,800;-3198,190;0,000;0,000;0,000;0,000;0,000;0,000;0,000;0,000;0,000;9,930;0,000;0,000;0,000;3,300;0,000;0,000;0,000;0,000
35,790;57,120;100;0;100;0;3;0;4;3;3;0;0;0;3;0;0;0;0;0;0;30,320;13,230;0;0,000;11842,642;None;0;0;386,360;1351,180;11115,310;-3198,190;0,000;0,000;0,000;0,000;0,000;0,000;0,000;0,000;0,000;9,930;0,000;0,000;0,000;3,300;0,000;0,000;0,000;0,000
36,040;57,370;100;0;100;0;3;0;4;3;3;0;0;0;3;0;0;0;0;0;0;30,570;13,230;0;0,000;11915,707;None;0;0;71,922;1281,010;11096,080;-3191,500;0,000;0,000;0,000;0,000;0,000;0,000;0,000;0,000;0,000;9,930;0,000;0,000;0,000;3,300;0,000;0,000;0,000;0,000
36,300;57,630;100;0;100;0;3;0;4;3;3;0;0;0;3;0;0;0;0;0;0;30,830;13,230;0;0,000;11930,981;None;0;0;48,940;1280,910;11081,930;-3197,250;0,000;0,000;0,000;0,000;0,000;0,000;0,000;0,000;0,000;9,930;0,000;0,000;0,000;3,300;0,000;0,000;0,000;0,000
36,560;57,890;100;0;100;0;3;0;4;3;3;0;0;0;3;0;0;0;0;0;0;31,090;13,230;0;0,000;11984,355;None;0;0;146,578;1279,040;11069,240;-3145,440;0,000;0,000;0,000;0,000;0,000;0,000;0,000;0,000;0,000;9,930;0,000;0,000;0,000;3,300;0,000;0,000;0,000;0,000
36,810;58,140;100;0;100;0;3;0;4;3;3;0;0;0;3;0;0;0;0;0;0;31,340;13,230;0;0,000;12046,642;None;0;0;396,666;1243,050;11051,960;-3097,630;0,000;0,000;0,000;0,000;0,000;0,000;0,000;0,000;0,000;9,930;0,000;0,000;0,000;3,300;0,000;0,000;0,000;0,000
37,070;58,400;100;0;100;0;3;0;4;3;3;0;0;0;3;0;0;0;0;0;0;31,600;13,230;0;0,000;12144,696;None;0;0;431,491;1161,250;11028,020;-3049,150;0,000;0,000;0,000;0,000;0,000;0,000;0,000;0,000;0,000;9,930;0,000;0,000;0,000;3,300;0,000;0,000;0,000;0,000
37,320;58,650;100;0;100;0;3;0;4;3;3;0;0;0;3;0;0;0;0;0;0;31,850;13,230;0;0,000;12259,698;None;0;0;483,037;1050,110;11001,410;-3062,000;0,000;0,000;0,000;0,000;0,000;0,000;0,000;0,000;0,000;9,930;0,000;0,000;0,000;3,300;0,000;0,000;0,000;0,000
37,570;58,900;100;0;100;0;3;0;4;3;3;0;0;0;3;0;0;0;0;0;0;32,100;13,230;0;0,000;12396,354;None;0;0;611,824;937,760;10978,060;-3136,210;0,000;0,000;0,000;0,000;0,000;0,000;0,000;0,000;0,000;9,930;0,000;0,000;0,000;3,300;0,000;0,000;0,000;0,000
37,830;59,160;100;0;100;0;3;0;4;3;3;0;0;0;3;0;0;0;0;0;0;32,360;13,230;0;0,000;12522,093;None;0;0;439,999;825,730;10963,440;-3191,400;0,000;0,000;0,000;0,000;0,000;0,000;0,000;0,000;0,000;9,930;0,000;0,000;0,000;3,300;0,000;0,000;0,000;0,000
38,080;59,410;100;0;100;0;3;0;4;3;3;0;0;0;3;0;0;0;0;0;0;32,610;13,230;0;0,000;12634,532;None;0;0;439,999;714,000;10967,230;-3179,380;0,000;0,000;0,000;0,000;0,000;0,000;0,000;0,000;0,000;9,930;0,000;0,000;0,000;3,300;0,000;0,000;0,000;0,000
38,340;59,670;100;0;100;0;3;0;4;3;3;0;0;0;3;0;0;0;0;0;0;32,870;13,230;0;0,000;12746,510;None;0;0;439,996;602,330;10972,660;-3173,090;0,000;0,000;0,000;0,000;0,000;0,000;0,000;0,000;0,000;9,930;0,000;0,000;0,000;3,300;0,000;0,000;0,000;0,000
38,590;59,920;100;0;100;0;3;0;4;3;3;0;0;0;3;0;0;0;0;0;0;33,120;13,230;0;0,000;12858,333;None;0;0;440,004;490,540;10974,140;-3175,360;0,000;0,000;0,000;0,000;0,000;0,000;0,000;0,000;0,000;9,930;0,000;0,000;0,000;3,300;0,000;0,000;0,000;0,000
38,840;60,170;100;0;100;0;3;0;4;3;3;0;0;0;3;0;0;0;0;0;0;33,370;13,230;0;0,000;12970,310;None;0;0;440,001;378,730;10974,450;-3169,260;0,000;0,000;0,000;0,000;0,000;0,000;0,000;0,000;0,000;9,930;0,000;0,000;0,000;3,300;0,000;0,000;0,000;0,000
39,100;60,430;100;0;100;0;3;0;4;3;3;0;0;0;3;0;0;0;0;0;0;33,630;13,230;0;0,000;13084,532;None;0;0;440,001;264,510;10974,740;-3168,740;0,000;0,000;0,000;0,000;0,000;0,000;0,000;0,000;0,000;9,930;0,000;0,000;0,000;3,300;0,000;0,000;0,000;0,000
39,360;60,690;100;0;100;0;3;0;4;3;3;0;0;0;3;0;0;0;0;0;0;33,890;13,230;0;0,000;13196,527;None;0;0;440,001;152,710;10975,010;-3175,340;0,000;0,000;0,000;0,000;0,000;0,000;0,000;0,000;0,000;9,930;0,000;0,000;0,000;3,300;0,000;0,000;0,000;0,000
39,610;60,940;100;0;100;0;3;0;4;3;3;0;0;0;3;0;0;0;0;0;0;34,140;13,230;0;0,000;13310,630;None;0;0;440,001;40,900;10975,280;-3198,100;0,000;0,000;0,000;0,000;0,000;0,000;0,000;0,000;0,000;9,930;0,000;0,000;0,000;3,300;0,000;0,000;0,000;0,000
39,870;61,200;100;0;100;0;3;0;4;3;3;0;0;0;3;0;0;0;0;0;0;34,400;13,230;0;0,000;13422,425;None;0;0;439,996;-70,700;10981,880;-3198,100;0,000;0,000;0,000;0,000;0,000;0,000;0,000;0,000;0,000;9,930;0,000;0,000;0,000;3,300;0,000;0,000;0,000;0,000
40,130;61,460;100;0;100;0;3;0;4;3;3;0;0;0;3;0;0;0;0;0;0;34,660;13,230;0;0,000;13539,005;None;0;0;440,005;-184,590;10990,530;-3174,750;0,000;0,000;0,000;0,000;0,000;0,000;0,000;0,000;0,000;9,930;0,000;0,000;0,000;3,300;0,000;0,000;0,000;0,000
40,380;61,710;100;0;100;0;3;0;4;3;3;0;0;0;3;0;0;0;0;0;0;34,910;13,230;0;0,000;13650,822;None;0;0;439,997;-296,070;10999,080;-3176,170;0,000;0,000;0,000;0,000;0,000;0,000;0,000;0,000;0,000;9,930;0,000;0,000;0,000;3,300;0,000;0,000;0,000;0,000
40,630;61,960;100;0;100;0;3;0;4;3;3;0;0;0;3;0;0;0;0;0;0;35,160;13,230;0;0,000;13762,718;None;0;0;439,996;-407,680;11004,050;-3182,440;0,000;0,000;0,000;0,000;0,000;0,000;0,000;0,000;0,000;9,930;0,000;0,000;0,000;3,300;0,000;0,000;0,000;0,000
40,890;62,220;100;0;100;0;3;0;4;3;3;0;0;0;3;0;0;0;0;0;0;35,420;13,230;0;0,000;13874,516;None;0;0;440,004;-519,360;10999,020;-3183,450;0,000;0,000;0,000;0,000;0,000;0,000;0,000;0,000;0,000;9,930;0,000;0,000;0,000;3,300;0,000;0,000;0,000;0,000
41,140;62,470;100;0;100;0;3;0;4;3;3;0;0;0;3;0;0;0;0;0;0;35,670;13,230;0;0,000;13986,349;None;0;0;439,999;-631,020;10993,210;-3181,230;0,000;0,000;0,000;0,000;0,000;0,000;0,000;0,000;0,000;9,930;0,000;0,000;0,000;3,300;0,000;0,000;0,000;0,000
41,400;62,730;100;0;100;0;3;0;4;3;3;0;0;0;3;0;0;0;0;0;0;35,930;13,230;0;0,000;14098,232;None;0;0;440,000;-742,670;10987,380;-3185,500;0,000;0,000;0,000;0,000;0,000;0,000;0,000;0,000;0,000;9,930;0,000;0,000;0,000;3,300;0,000;0,000;0,000;0,000
41,650;62,980;100;0;100;0;3;0;4;3;3;0;0;0;3;0;0;0;0;0;0;36,180;13,230;0;0,000;14210,330;None;0;0;440,000;-854,320;10981,540;-3193,630;0,000;0,000;0,000;0,000;0,000;0,000;0,000;0,000;0,000;9,930;0,000;0,000;0,000;3,300;0,000;0,000;0,000;0,000
41,910;63,240;100;0;100;0;3;0;4;3;3;0;0;0;3;0;0;0;0;0;0;36,440;13,230;0;0,000;14327,656;None;0;0;497,589;-967,910;10975,590;-3164,870;0,000;0,000;0,000;0,000;0,000;0,000;0,000;0,000;0,000;9,930;0,000;0,000;0,000;3,300;0,000;0,000;0,000;0,000
42,160;63,490;100;0;100;0;3;0;4;3;3;0;0;0;3;0;0;0;0;0;0;36,690;13,230;0;0,000;14445,287;None;0;0;618,774;-1081,910;10969,610;-3136,490;0,000;0,000;0,000;0,000;0,000;0,000;0,000;0,000;0,000;9,930;0,000;0,000;0,000;3,300;0,000;0,000;0,000;0,000
42,420;63,750;100;0;100;0;3;0;4;3;3;0;0;0;3;0;0;0;0;0;0;36,950;13,490;0;0,000;14584,276;None;0;1;494,600;-1200,170;10963,410;-3063,730;0,000;0,000;0,000;0,000;0,000;0,000;0,000;0,000;0,000;9,930;0,000;0,000;0,000;3,560;0,000;0,000;0,000;0,000
42,670;64,000;30;0;100;0;3;0;4;3;3;0;0;0;3;0;0;0;0;0;0;37,200;13,740;0;0,000;14703,240;None;0;1;472,125;-1318,420;10957,200;-3052,290;0,000;0,000;0,000;0,000;0,000;0,000;0,000;0,000;0,000;9,930;0,000;0,000;0,000;3,810;0,000;0,000;0,000;0,000
42,930;64,260;30;0;100;0;3;0;4;3;3;0;0;0;3;0;0;0;0;0;0;37,460;14,000;0;0,000;14832,353;None;0;1;564,256;-1437,190;10950,980;-3102,540;0,000;0,000;0,000;0,000;0,000;0,000;0,000;0,000;0,000;9,930;0,000;0,000;0,000;4,070;0,000;0,000;0,000;0,000
43,180;64,510;30;0;100;0;3;0;4;3;3;0;0;0;3;0;0;0;0;0;0;37,710;14,250;0;0,000;14980,051;None;0;1;440,005;-1554,620;10944,830;-3191,910;0,000;0,000;0,000;0,000;0,000;0,000;0,000;0,000;0,000;9,930;0,000;0,000;0,000;4,320;0,000;0,000;0,000;0,000
43,440;64,770;30;0;100;0;3;0;4;3;3;0;0;0;3;0;0;0;0;0;0;37,970;14,510;0;0,000;15025,483;None;0;1;410,041;-1511,900;10959,000;-3198,100;0,000;0,000;0,000;0,000;0,000;0,000;0,000;0,000;0,000;9,930;0,000;0,000;0,000;4,580;0,000;0,000;0,000;0,000
43,690;65,020;30;0;100;0;3;0;4;3;3;0;0;0;3;0;0;0;0;0;0;37,970;14,760;0;0,000;15114,951;None;0;1;0,000;-1425,380;10975,210;-3182,100;0,000;0,000;0,000;0,000;0,000;0,000;0,000;0,000;0,000;9,930;0,000;0,000;0,000;4,830;0,000;0,000;0,000;0,000
43,940;65,270;30;0;100;0;3;0;4;3;3;0;0;0;3;0;0;0;0;0;0;38,220;15,010;0;0,000;15131,142;None;0;1;223,052;-1422,900;10959,210;-3182,100;0,000;0,000;0,000;0,000;0,000;0,000;0,000;0,000;0,000;9,930;0,000;0,000;0,000;5,080;0,000;0,000;0,000;0,000
43,940;65,270;30;0;100;0;4;0;4;4;3;0;0;0;3;0;0;0;0;0;0;38,220;15,010;0;0,000;15131,142;None;0;1;223,052;-1422,900;10959,210;-3182,100;0,000;0,000;0,000;0,000;0,000;0,000;0,000;0,000;0,000;9,930;0,000;0,000;0,000;5,080;0,000;0,000;0,000;0,000;BOT_KILLED;CTF-1on1-Joust.ObservedRemoteBot1;XWeapons.DamTypeSniperShot
44,200;65,530;100;0;100;0;4;0;4;4;3;0;0;0;3;0;0;0;0;0;0;38,220;15,010;0;0,000;15131,142;None;0;0;0,000;1399,580;11944,150;-3198,850;0,000;0,000;0,000;0,000;0,000;0,000;0,000;0,000;0,000;9,930;0,000;0,000;0,000;5,080;0,000;0,000;0,000;0,000;FLAG_DROPPED;1;
44,200;65,530;100;0;100;0;4;0;4;4;3;0;0;0;3;0;0;0;0;0;0;38,220;15,010;0;0,000;15131,142;None;0;0;0,000;1399,580;11944,150;-3198,850;0,000;0,000;0,000;0,000;0,000;0,000;0,000;0,000;0,000;9,930;0,000;0,000;0,000;5,080;0,000;0,000;0,000;0,000
44,450;65,780;100;0;100;0;4;0;4;4;3;0;0;0;3;0;0;0;0;0;0;38,470;15,010;0;0,000;15139,263;None;0;0;148,704;1399,160;11936,070;-3198,150;0,000;0,000;0,000;0,000;0,000;0,000;0,000;0,000;0,000;9,930;0,000;0,000;0,000;5,080;0,000;0,000;0,000;0,000
44,710;66,040;100;0;100;0;4;0;4;4;3;0;0;0;3;0;0;0;0;0;0;38,730;15,010;0;0,000;15235,545;None;0;0;440,003;1394,120;11839,920;-3198,150;0,000;0,000;0,000;0,000;0,000;0,000;0,000;0,000;0,000;9,930;0,000;0,000;0,000;5,080;0,000;0,000;0,000;0,000
44,960;66,290;100;0;100;0;4;0;4;4;3;0;0;0;3;0;0;0;0;0;0;38,980;15,010;0;0,000;15347,829;None;0;0;440,003;1388,240;11727,790;-3198,150;0,000;0,000;0,000;0,000;0,000;0,000;0,000;0,000;0,000;9,930;0,000;0,000;0,000;5,080;0,000;0,000;0,000;0,000
45,220;66,550;100;0;100;0;4;0;4;4;3;0;0;0;3;0;0;0;0;0;0;39,240;15,010;0;0,000;15460,123;None;0;0;440,003;1382,370;11615,650;-3198,150;0,000;0,000;0,000;0,000;0,000;0,000;0,000;0,000;0,000;9,930;0,000;0,000;0,000;5,080;0,000;0,000;0,000;0,000
45,470;66,800;100;0;100;0;4;0;4;4;3;0;0;0;3;0;0;0;0;0;0;39,490;15,010;0;0,000;15571,926;None;0;0;440,003;1376,520;11504,000;-3198,150;0,000;0,000;0,000;0,000;0,000;0,000;0,000;0,000;0,000;9,930;0,000;0,000;0,000;5,080;0,000;0,000;0,000;0,000
45,720;67,050;100;0;100;0;4;0;4;4;3;0;0;0;3;0;0;0;0;0;0;39,740;15,010;0;0,000;15683,729;None;0;0;440,003;1370,670;11392,350;-3198,150;0,000;0,000;0,000;0,000;0,000;0,000;0,000;0,000;0,000;9,930;0,000;0,000;0,000;5,080;0,000;0,000;0,000;0,000
45,720;67,050;100;0;100;0;4;0;4;4;3;0;0;0;4;0;0;0;0;0;0;39,740;15,010;0;0,000;15683,729;None;0;0;440,003;1370,670;11392,350;-3198,150;0,000;0,000;0,000;0,000;0,000;0,000;0,000;0,000;0,000;9,930;0,000;0,000;0,000;5,080;0,000;0,000;0,000;0,000;ITEM_PICKEDUP;XWeapons.SniperRiflePickup;Weapon
45,980;67,310;100;0;100;0;4;0;4;4;3;0;0;0;4;0;0;0;0;0;0;40,000;15,010;0;0,000;15802,255;None;0;0;484,172;1364,820;11280,700;-3158,800;0,000;0,000;0,000;0,000;0,000;0,000;0,000;0,000;0,000;9,930;0,000;0,000;0,000;5,080;0,000;0,000;0,000;0,000
46,240;67,570;100;0;100;0;4;0;4;4;3;0;0;0;4;0;0;0;0;0;0;40,260;15,010;0;0,000;15922,048;None;0;0;488,679;1358,720;11164,230;-3131,450;0,000;0,000;0,000;0,000;0,000;0,000;0,000;0,000;0,000;9,930;0,000;0,000;0,000;5,080;0,000;0,000;0,000;0,000
46,500;67,830;100;0;100;0;4;0;4;4;3;0;0;0;4;0;0;0;0;0;0;40,520;15,010;0;0,000;16040,651;None;0;0;475,444;1352,520;11045,980;-3124,730;0,000;0,000;0,000;0,000;0,000;0,000;0,000;0,000;0,000;9,930;0,000;0,000;0,000;5,080;0,000;0,000;0,000;0,000
46,750;68,080;100;0;100;0;4;0;4;4;3;0;0;0;4;0;0;0;0;0;0;40,770;15,010;0;0,000;16171,053;None;0;0;574,299;1346,330;10927,730;-3179,350;0,000;0,000;0,000;0,000;0,000;0,000;0,000;0,000;0,000;9,930;0,000;0,000;0,000;5,080;0,000;0,000;0,000;0,000
47,010;68,340;100;0;100;0;4;0;4;4;3;0;0;0;4;0;0;0;0;0;0;41,030;15,010;0;0,000;16248,646;None;0;0;14,020;1281,630;10889,220;-3198,100;0,000;0,000;0,000;0,000;0,000;0,000;0,000;0,000;0,000;9,930;0,000;0,000;0,000;5,080;0,000;0,000;0,000;0,000
47,260;68,590;100;0;100;0;4;0;4;4;3;0;0;0;4;0;0;0;0;0;0;41,280;15,010;0;0,000;16278,161;None;0;0;307,673;1253,040;10896,550;-3198,100;0,000;0,000;0,000;0,000;0,000;0,000;0,000;0,000;0,000;9,930;0,000;0,000;0,000;5,080;0,000;0,000;0,000;0,000
47,520;68,850;100;0;100;0;4;0;4;4;3;0;0;0;4;0;0;0;0;0;0;41,540;15,010;0;0,000;16400,119;None;0;0;478,913;1144,040;10909,910;-3145,050;0,000;0,000;0,000;0,000;0,000;0,000;0,000;0,000;0,000;9,930;0,000;0,000;0,000;5,080;0,000;0,000;0,000;0,000
47,770;69,100;100;0;100;0;4;0;4;4;3;0;0;0;4;0;0;0;0;0;0;41,790;15,010;0;0,000;16527,420;None;0;0;555,028;1027,460;10923,800;-3095,840;0,000;0,000;0,000;0,000;0,000;0,000;0,000;0,000;0,000;9,930;0,000;0,000;0,000;5,080;0,000;0,000;0,000;0,000
48,030;69,360;100;0;100;0;4;0;4;4;3;0;0;0;4;0;0;0;0;0;0;42,050;15,010;0;0,000;16653,877;None;0;0;465,214;911,350;10937,360;-3047,610;0,000;0,000;0,000;0,000;0,000;0,000;0,000;0,000;0,000;9,930;0,000;0,000;0,000;5,080;0,000;0,000;0,000;0,000
48,280;69,610;100;0;100;0;4;0;4;4;3;0;0;0;4;0;0;0;0;0;0;42,300;15,010;0;0,000;16772,028;None;0;0;491,616;794,720;10950,790;-3060,900;0,000;0,000;0,000;0,000;0,000;0,000;0,000;0,000;0,000;9,930;0,000;0,000;0,000;5,080;0,000;0,000;0,000;0,000
48,540;69,870;100;0;100;0;4;0;4;4;3;0;0;0;4;0;0;0;0;0;0;42,560;15,010;0;0,000;16911,436;None;0;0;620,066;678,070;10964,090;-3136,070;0,000;0,000;0,000;0,000;0,000;0,000;0,000;0,000;0,000;9,930;0,000;0,000;0,000;5,080;0,000;0,000;0,000;0,000
48,790;70,120;100;0;100;0;4;0;4;4;3;0;0;0;4;0;0;0;0;0;0;42,810;15,010;0;0,000;17030,904;None;0;0;440,006;565,110;10974,730;-3173,480;0,000;0,000;0,000;0,000;0,000;0,000;0,000;0,000;0,000;9,930;0,000;0,000;0,000;5,080;0,000;0,000;0,000;0,000
49,050;70,380;100;0;100;0;4;0;4;4;3;0;0;0;4;0;0;0;0;0;0;43,070;15,010;0;0,000;17142,710;None;0;0;440,000;453,320;10976,210;-3174,580;0,000;0,000;0,000;0,000;0,000;0,000;0,000;0,000;0,000;9,930;0,000;0,000;0,000;5,080;0,000;0,000;0,000;0,000
49,300;70,630;100;0;100;0;4;0;4;4;3;0;0;0;4;0;0;0;0;0;0;43,320;15,010;0;0,000;17254,754;None;0;0;440,001;341,520;10976,050;-3167,180;0,000;0,000;0,000;0,000;0,000;0,000;0,000;0,000;0,000;9,930;0,000;0,000;0,000;5,080;0,000;0,000;0,000;0,000
49,550;70,880;100;0;100;0;4;0;4;4;3;0;0;0;4;0;0;0;0;0;0;43,570;15,010;0;0,000;17366,705;None;0;0;440,001;229,720;10975,830;-3172,990;0,000;0,000;0,000;0,000;0,000;0,000;0,000;0,000;0,000;9,930;0,000;0,000;0,000;5,080;0,000;0,000;0,000;0,000
49,810;71,140;100;0;100;0;4;0;4;4;3;0;0;0;4;0;0;0;0;0;0;43,830;15,010;0;0,000;17478,522;None;0;0;440,001;117,910;10975,600;-3174,150;0,000;0,000;0,000;0,000;0,000;0,000;0,000;0,000;0,000;9,930;0,000;0,000;0,000;5,080;0,000;0,000;0,000;0,000
50,060;71,390;100;0;100;0;4;0;4;4;3;0;0;0;4;0;0;0;0;0;0;44,080;15,010;0;0,000;17592,833;None;0;0;440,000;6,230;10980,190;-3198,100;0,000;0,000;0,000;0,000;0,000;0,000;0,000;0,000;0,000;9,930;0,000;0,000;0,000;5,080;0,000;0,000;0,000;0,000
50,320;71,650;100;0;100;0;4;0;4;4;3;0;0;0;4;0;0;0;0;0;0;44,340;15,010;0;0,000;17704,642;None;0;0;439,996;-105,340;10987,500;-3198,100;0,000;0,000;0,000;0,000;0,000;0,000;0,000;0,000;0,000;9,930;0,000;0,000;0,000;5,080;0,000;0,000;0,000;0,000
50,570;71,900;100;0;100;0;4;0;4;4;3;0;0;0;4;0;0;0;0;0;0;44,590;15,010;0;0,000;17818,351;None;0;0;439,999;-216,890;10994,910;-3177,330;0,000;0,000;0,000;0,000;0,000;0,000;0,000;0,000;0,000;9,930;0,000;0,000;0,000;5,080;0,000;0,000;0,000;0,000
50,820;72,150;100;0;100;0;4;0;4;4;3;0;0;0;4;0;0;0;0;0;0;44,840;15,010;0;0,000;17930,159;None;0;0;439,999;-328,450;11002,330;-3176,900;0,000;0,000;0,000;0,000;0,000;0,000;0,000;0,000;0,000;9,930;0,000;0,000;0,000;5,080;0,000;0,000;0,000;0,000
51,080;72,410;100;0;100;0;4;0;4;4;3;0;0;0;4;0;0;0;0;0;0;45,100;15,010;0;0,000;18042,036;None;0;0;439,996;-440,130;11004,700;-3183,110;0,000;0,000;0,000;0,000;0,000;0,000;0,000;0,000;0,000;9,930;0,000;0,000;0,000;5,080;0,000;0,000;0,000;0,000
51,330;72,660;100;0;100;0;4;0;4;4;3;0;0;0;4;0;0;0;0;0;0;45,350;15,010;0;0,000;18153,839;None;0;0;440,003;-551,780;10998,920;-3182,260;0,000;0,000;0,000;0,000;0,000;0,000;0,000;0,000;0,000;9,930;0,000;0,000;0,000;5,080;0,000;0,000;0,000;0,000
51,590;72,920;100;0;100;0;4;0;4;4;3;0;0;0;4;0;0;0;0;0;0;45,610;15,010;0;0,000;18265,644;None;0;0;439,999;-663,410;10992,680;-3181,760;0,000;0,000;0,000;0,000;0,000;0,000;0,000;0,000;0,000;9,930;0,000;0,000;0,000;5,080;0,000;0,000;0,000;0,000
51,840;73,170;100;0;100;0;4;0;4;4;3;0;0;0;4;0;0;0;0;0;0;45,860;15,010;0;0,000;18377,609;None;0;0;439,999;-775,040;10986,420;-3187,730;0,000;0,000;0,000;0,000;0,000;0,000;0,000;0,000;0,000;9,930;0,000;0,000;0,000;5,080;0,000;0,000;0,000;0,000
52,090;73,420;100;0;100;0;4;0;4;4;3;0;0;0;4;0;0;0;0;0;0;46,110;15,010;0;0,000;18489,695;None;0;0;440,000;-886,670;10980,170;-3195,670;0,000;0,000;0,000;0,000;0,000;0,000;0,000;0,000;0,000;9,930;0,000;0,000;0,000;5,080;0,000;0,000;0,000;0,000
52,350;73,680;100;0;100;0;4;0;4;4;3;0;0;0;4;0;0;0;0;0;0;46,370;15,010;0;0,000;18611,185;None;0;0;507,519;-1002,110;10973,690;-3158,370;0,000;0,000;0,000;0,000;0,000;0,000;0,000;0,000;0,000;9,930;0,000;0,000;0,000;5,080;0,000;0,000;0,000;0,000
52,600;73,930;100;0;100;0;4;0;4;4;3;0;0;0;4;0;0;0;0;0;0;46,620;15,260;0;0,000;18734,529;None;0;1;581,818;-1120,340;10967,070;-3123,850;0,000;0,000;0,000;0,000;0,000;0,000;0,000;0,000;0,000;9,930;0,000;0,000;0,000;5,330;0,000;0,000;0,000;0,000
52,860;74,190;30;0;100;0;4;0;4;4;3;0;0;0;4;0;0;0;0;0;0;46,880;15,260;0;0,000;18866,320;None;0;0;478,125;-1238,570;10960,450;-3066,000;0,000;0,000;0,000;0,000;0,000;0,000;0,000;0,000;0,000;9,930;0,000;0,000;0,000;5,330;0,000;0,000;0,000;0,000
52,860;74,190;30;0;100;0;4;0;5;4;3;0;0;0;4;0;0;0;0;0;0;46,880;15,260;0;0,000;18866,320;None;0;0;478,125;-1238,570;10960,450;-3066,000;0,000;0,000;0,000;0,000;0,000;0,000;0,000;0,000;0,000;9,930;0,000;0,000;0,000;5,330;0,000;0,000;0,000;0,000;PLAYER_KILLED;CTF-1on1-Joust.ObservedRemoteBot1;XWeapons.DamTypeSniperShot
53,110;74,440;30;0;100;0;4;0;5;4;3;0;0;0;4;0;0;0;0;0;0;46,880;15,260;0;0,000;18866,320;None;0;1;485,025;-1356,790;10953,820;-3069,500;0,000;0,000;0,000;0,000;0,000;0,000;0,000;0,000;0,000;9,930;0,000;0,000;0,000;5,330;0,000;0,000;0,000;0,000;FLAG_DROPPED;0;None
53,110;74,440;30;0;100;0;4;0;5;4;3;0;0;0;4;0;0;0;0;0;0;47,130;15,510;0;0,000;18984,777;None;0;1;485,025;-1356,790;10953,820;-3069,500;0,000;0,000;0,000;0,000;0,000;0,000;0,000;0,000;0,000;10,180;0,000;0,000;0,000;5,330;0,000;0,000;0,000;0,000
53,370;74,700;30;0;100;0;4;0;5;4;3;0;0;0;4;0;0;0;0;0;0;47,390;15,770;0;0,000;19119,787;None;0;1;598,721;-1475,020;10947,200;-3134,350;0,000;0,000;0,000;0,000;0,000;0,000;0,000;0,000;0,000;10,440;0,000;0,000;0,000;5,330;0,000;0,000;0,000;0,000
53,620;74,950;30;0;100;0;4;0;5;4;3;0;0;0;4;0;0;0;0;0;0;47,640;16,020;0;0,000;19211,193;None;0;1;117,874;-1542,000;10948,270;-3196,540;0,000;0,000;0,000;0,000;0,000;0,000;0,000;0,000;0,000;10,690;0,000;0,000;0,000;5,330;0,000;0,000;0,000;0,000
53,870;75,200;23;0;100;0;4;0;5;4;3;0;0;0;4;0;0;0;0;0;0;47,890;16,270;0;0,000;19303,991;None;0;1;440,002;-1452,870;10969,690;-3182,100;0,000;0,000;0,000;0,000;0,000;0,000;0,000;0,000;0,000;10,940;0,000;0,000;0,000;5,330;0,000;0,000;0,000;0,000
54,130;75,460;23;0;100;0;4;0;5;4;3;0;0;0;4;0;0;0;0;0;0;47,890;16,530;0;0,000;19328,115;None;0;1;0,000;-1429,220;10974,450;-3182,100;0,000;0,000;0,000;0,000;0,000;0,000;0,000;0,000;0,000;11,200;0,000;0,000;0,000;5,330;0,000;0,000;0,000;0,000
54,380;75,710;16;0;100;0;4;0;5;4;3;0;0;0;4;0;0;0;0;0;0;47,890;16,530;0;0,000;19328,115;None;0;1;0,000;-1427,840;10966,470;-3182,100;0,000;0,000;0,000;0,000;0,000;0,000;0,000;0,000;0,000;11,200;0,000;0,000;0,000;5,330;0,000;0,000;0,000;0,000;FLAG_PICKEDUP;1;CTF-1on1-Joust.ObservedRemoteBot2
54,380;75,710;16;0;100;0;4;0;5;4;3;0;0;0;4;0;0;0;0;0;0;47,890;16,780;0;0,000;19336,214;None;0;1;0,000;-1427,840;10966,470;-3182,100;0,000;0,000;0,000;0,000;0,000;0,000;0,000;0,000;0,000;11,450;0,000;0,000;0,000;5,330;0,000;0,000;0,000;0,000
54,640;75,970;16;0;100;0;4;0;5;4;3;0;0;0;4;0;0;0;0;0;0;48,150;17,040;0;0,000;19408,815;None;0;1;439,997;-1415,490;10895,110;-3187,220;0,000;0,000;0,000;0,000;0,000;0,000;0,000;0,000;0,000;11,710;0,000;0,000;0,000;5,330;0,000;0,000;0,000;0,000
54,890;76,220;16;0;100;0;4;0;5;4;3;0;0;0;4;0;0;0;0;0;0;48,150;17,040;0;0,000;19408,815;None;0;1;439,997;-1396,440;10784,940;-3198,100;0,000;0,000;0,000;0,000;0,000;0,000;0,000;0,000;0,000;11,710;0,000;0,000;0,000;5,330;0,000;0,000;0,000;0,000;FLAG_RETURNED;0;
54,890;76,220;16;0;100;0;4;0;5;4;3;0;0;0;4;0;0;0;0;0;0;48,400;17,290;0;0,000;19521,148;None;0;1;439,997;-1396,440;10784,940;-3198,100;0,000;0,000;0,000;0,000;0,000;0,000;0,000;0,000;0,000;11,960;0,000;0,000;0,000;5,330;0,000;0,000;0,000;0,000
55,140;76,470;9;0;100;0;4;0;5;4;3;0;0;0;4;0;0;0;0;0;0;48,400;17,540;0;0,000;19545,281;None;0;1;0,000;-1392,330;10761,160;-3198,100;0,000;0,000;0,000;0,000;0,000;0,000;0,000;0,000;0,000;12,210;0,000;0,000;0,000;5,330;0,000;0,000;0,000;0,000
55,400;76,730;9;0;100;0;4;0;5;4;3;0;0;0;4;0;0;0;0;0;0;48,660;17,800;0;0,000;19614,255;None;0;1;384,560;-1399,480;10817,200;-3158,530;0,000;0,000;0,000;0,000;0,000;0,000;0,000;0,000;0,000;12,470;0,000;0,000;0,000;5,330;0,000;0,000;0,000;0,000
55,650;76,980;2;0;100;0;4;0;5;4;3;0;0;0;4;0;0;0;0;0;0;48,660;17,800;0;0,000;19614,255;None;0;1;457,913;-1412,720;10920,900;-3136,520;0,000;0,000;0,000;0,000;0,000;0,000;0,000;0,000;0,000;12,470;0,000;0,000;0,000;5,330;0,000;0,000;0,000;0,000;FLAG_CAPTURED;1;
55,650;76,980;2;0;100;0;4;0;5;4;3;0;0;0;4;0;0;0;0;0;0;48,910;18,050;0;0,000;19721,088;None;0;1;457,913;-1412,720;10920,900;-3136,520;0,000;0,000;0,000;0,000;0,000;0,000;0,000;0,000;0,000;12,720;0,000;0,000;0,000;5,330;0,000;0,000;0,000;0,000
55,910;77,240;2;0;100;0;4;0;5;4;3;0;0;0;4;0;0;0;0;0;0;49,170;18,310;0;0,000;19841,174;None;0;1;515,878;-1427,460;11036,310;-3166,250;0,000;0,000;0,000;0,000;0,000;0,000;0,000;0,000;0,000;12,980;0,000;0,000;0,000;5,330;0,000;0,000;0,000;0,000
55,910;77,240;2;0;100;0;5;0;5;5;3;0;0;0;4;0;0;0;0;0;0;49,170;18,310;0;0,000;19841,174;None;0;1;515,878;-1427,460;11036,310;-3166,250;0,000;0,000;0,000;0,000;0,000;0,000;0,000;0,000;0,000;12,980;0,000;0,000;0,000;5,330;0,000;0,000;0,000;0,000;BOT_KILLED;CTF-1on1-Joust.ObservedRemoteBot1;XWeapons.DamTypeAssaultBullet
56,160;77,490;100;0;100;0;5;0;5;5;3;0;0;0;4;0;0;0;0;0;0;49,170;18,310;0;0,000;19841,174;None;0;0;0,000;1405,890;9955,620;-3193,950;0,000;0,000;0,000;0,000;0,000;0,000;0,000;0,000;0,000;12,980;0,000;0,000;0,000;5,330;0,000;0,000;0,000;0,000
56,420;77,750;100;0;100;0;5;0;5;5;3;0;0;0;4;0;0;0;0;0;0;49,430;18,310;0;0,000;19869,406;None;0;0;304,097;1405,590;9983,850;-3193,950;0,000;0,000;0,000;0,000;0,000;0,000;0,000;0,000;0,000;12,980;0,000;0,000;0,000;5,330;0,000;0,000;0,000;0,000
56,680;78,010;100;0;100;0;5;0;5;5;3;0;0;0;4;0;0;0;0;0;0;49,690;18,310;0;0,000;19978,974;None;0;0;439,985;1404,420;10093,410;-3193,230;0,000;0,000;0,000;0,000;0,000;0,000;0,000;0,000;0,000;12,980;0,000;0,000;0,000;5,330;0,000;0,000;0,000;0,000
56,930;78,260;100;0;100;0;5;0;5;5;3;0;0;0;4;0;0;0;0;0;0;49,940;18,310;0;0,000;20090,791;None;0;0;439,985;1403,220;10205,210;-3194,710;0,000;0,000;0,000;0,000;0,000;0,000;0,000;0,000;0,000;12,980;0,000;0,000;0,000;5,330;0,000;0,000;0,000;0,000
57,190;78,520;100;0;100;0;5;0;5;5;3;0;0;0;4;0;0;0;0;0;0;50,200;18,310;0;0,000;20203,094;None;0;0;439,985;1402,020;10317,490;-3196,660;0,000;0,000;0,000;0,000;0,000;0,000;0,000;0,000;0,000;12,980;0,000;0,000;0,000;5,330;0,000;0,000;0,000;0,000
57,440;78,770;100;0;100;0;5;0;5;5;3;0;0;0;4;0;0;0;0;0;0;50,450;18,310;0;0,000;20314,900;None;0;0;439,985;1400,820;10429,280;-3198,100;0,000;0,000;0,000;0,000;0,000;0,000;0,000;0,000;0,000;12,980;0,000;0,000;0,000;5,330;0,000;0,000;0,000;0,000
57,690;79,020;100;0;100;0;5;0;5;5;3;0;0;0;4;0;0;0;0;0;0;50,450;18,310;0;0,000;20314,900;None;0;0;522,629;1399,590;10543,440;-3166,710;0,000;0,000;0,000;0,000;0,000;0,000;0,000;0,000;0,000;12,980;0,000;0,000;0,000;5,330;0,000;0,000;0,000;0,000;FLAG_PICKEDUP;0;
57,690;79,020;100;0;100;0;5;0;5;5;3;0;0;0;4;0;0;0;0;0;0;50,700;18,310;0;0,000;20433,303;None;0;0;522,629;1399,590;10543,440;-3166,710;0,000;0,000;0,000;0,000;0,000;0,000;0,000;0,000;0,000;12,980;0,000;0,000;0,000;5,330;0,000;0,000;0,000;0,000
57,950;79,280;100;0;100;0;5;0;5;5;3;0;0;0;4;0;0;0;0;0;0;50,960;18,310;0;0,000;20555,322;None;0;0;595,876;1398,330;10661,850;-3137,280;0,000;0,000;0,000;0,000;0,000;0,000;0,000;0,000;0,000;12,980;0,000;0,000;0,000;5,330;0,000;0,000;0,000;0,000
58,200;79,530;100;0;100;0;5;0;5;5;3;0;0;0;4;0;0;0;0;0;0;51,210;18,310;0;0,000;20689,775;None;0;0;483,802;1397,060;10780,260;-3073,600;0,000;0,000;0,000;0,000;0,000;0,000;0,000;0,000;0,000;12,980;0,000;0,000;0,000;5,330;0,000;0,000;0,000;0,000
58,460;79,790;100;0;100;0;5;0;5;5;3;0;0;0;4;0;0;0;0;0;0;51,470;18,310;0;0,000;20808,225;None;0;0;479,194;1395,790;10898,680;-3071,260;0,000;0,000;0,000;0,000;0,000;0,000;0,000;0,000;0,000;12,980;0,000;0,000;0,000;5,330;0,000;0,000;0,000;0,000
58,710;80,040;100;0;100;0;5;0;5;5;3;0;0;0;4;0;0;0;0;0;0;51,470;18,310;0;0,000;20808,225;None;0;0;584,606;1394,520;11017,090;-3130,270;0,000;0,000;0,000;0,000;0,000;0,000;0,000;0,000;0,000;12,980;0,000;0,000;0,000;5,330;0,000;0,000;0,000;0,000;FLAG_PICKEDUP;1;CTF-1on1-Joust.ObservedRemoteBot2
58,710;80,040;100;0;100;0;5;0;5;5;3;0;0;0;4;0;0;0;0;0;0;51,720;18,310;0;0,000;20940,531;None;0;0;584,606;1394,520;11017,090;-3130,270;0,000;0,000;0,000;0,000;0,000;0,000;0,000;0,000;0,000;12,980;0,000;0,000;0,000;5,330;0,000;0,000;0,000;0,000
58,960;80,290;100;0;100;0;5;0;5;5;3;0;0;0;4;0;0;0;0;0;0;51,970;18,310;0;0,000;21051,079;None;0;0;28,172;1393,590;11104,160;-3198,380;0,000;0,000;0,000;0,000;0,000;0,000;0,000;0,000;0,000;12,980;0,000;0,000;0,000;5,330;0,000;0,000;0,000;0,000
59,220;80,550;100;0;100;0;5;0;5;5;3;0;0;0;4;0;0;0;0;0;0;52,230;18,310;0;0,000;21111,172;None;0;0;439,993;1341,350;11074,460;-3198,380;0,000;0,000;0,000;0,000;0,000;0,000;0,000;0,000;0,000;12,980;0,000;0,000;0,000;5,330;0,000;0,000;0,000;0,000
59,470;80,800;100;0;100;0;5;0;5;5;3;0;0;0;4;0;0;0;0;0;0;52,480;18,310;0;0,000;21222,964;None;0;0;440,002;1230,630;11059,020;-3198,100;0,000;0,000;0,000;0,000;0,000;0,000;0,000;0,000;0,000;12,980;0,000;0,000;0,000;5,330;0,000;0,000;0,000;0,000
59,730;81,060;100;0;100;0;5;0;5;5;3;0;0;0;4;0;0;0;0;0;0;52,740;18,310;0;0,000;21335,738;None;0;0;440,006;1118,700;11045,250;-3198,100;0,000;0,000;0,000;0,000;0,000;0,000;0,000;0,000;0,000;12,980;0,000;0,000;0,000;5,330;0,000;0,000;0,000;0,000
59,980;81,310;100;0;100;0;5;0;5;5;3;0;0;0;4;0;0;0;0;0;0;52,990;18,310;0;0,000;21447,537;None;0;0;440,002;1007,730;11031,660;-3198,100;0,000;0,000;0,000;0,000;0,000;0,000;0,000;0,000;0,000;12,980;0,000;0,000;0,000;5,330;0,000;0,000;0,000;0,000
60,240;81,570;100;0;100;0;5;0;5;5;3;0;0;0;4;0;0;0;0;0;0;53,250;18,310;0;0,000;21559,391;None;0;0;440,002;896,750;11018,070;-3194,900;0,000;0,000;0,000;0,000;0,000;0,000;0,000;0,000;0,000;12,980;0,000;0,000;0,000;5,330;0,000;0,000;0,000;0,000
60,490;81,820;100;0;100;0;5;0;5;5;3;0;0;0;4;0;0;0;0;0;0;53,500;18,310;0;0,000;21671,458;None;0;0;440,000;785,770;11004,490;-3187,290;0,000;0,000;0,000;0,000;0,000;0,000;0,000;0,000;0,000;12,980;0,000;0,000;0,000;5,330;0,000;0,000;0,000;0,000
60,740;82,070;100;0;100;0;5;0;5;5;3;0;0;0;4;0;0;0;0;0;0;53,750;18,310;0;0,000;21783,881;None;0;0;440,000;674,800;10990,900;-3175,460;0,000;0,000;0,000;0,000;0,000;0,000;0,000;0,000;0,000;12,980;0,000;0,000;0,000;5,330;0,000;0,000;0,000;0,000
61,000;82,330;100;0;100;0;5;0;5;5;3;0;0;0;4;0;0;0;0;0;0;54,010;18,310;0;0,000;21895,624;None;0;0;439,999;563,440;10981,890;-3173,410;0,000;0,000;0,000;0,000;0,000;0,000;0,000;0,000;0,000;12,980;0,000;0,000;0,000;5,330;0,000;0,000;0,000;0,000
61,250;82,580;100;0;100;0;5;0;5;5;3;0;0;0;4;0;0;0;0;0;0;54,260;18,310;0;0,000;22007,427;None;0;0;439,999;451,650;10980,250;-3173,910;0,000;0,000;0,000;0,000;0,000;0,000;0,000;0,000;0,000;12,980;0,000;0,000;0,000;5,330;0,000;0,000;0,000;0,000
61,510;82,840;100;0;100;0;5;0;5;5;3;0;0;0;4;0;0;0;0;0;0;54,520;18,310;0;0,000;22119,464;None;0;0;439,996;339,850;10979,020;-3166,730;0,000;0,000;0,000;0,000;0,000;0,000;0,000;0,000;0,000;12,980;0,000;0,000;0,000;5,330;0,000;0,000;0,000;0,000
61,760;83,090;100;0;100;0;5;0;5;5;3;0;0;0;4;0;0;0;0;0;0;54,770;18,310;0;0,000;22231,444;None;0;0;439,996;228,060;10977,800;-3173,130;0,000;0,000;0,000;0,000;0,000;0,000;0,000;0,000;0,000;12,980;0,000;0,000;0,000;5,330;0,000;0,000;0,000;0,000
62,020;83,350;100;0;100;0;5;0;5;5;3;0;0;0;4;0;0;0;0;0;0;55,030;18,310;0;0,000;22344,764;None;0;0;439,996;114,810;10976,570;-3176,940;0,000;0,000;0,000;0,000;0,000;0,000;0,000;0,000;0,000;12,980;0,000;0,000;0,000;5,330;0,000;0,000;0,000;0,000
62,270;83,600;100;0;100;0;5;0;5;5;3;0;0;0;4;0;0;0;0;0;0;55,280;18,310;0;0,000;22458,510;None;0;0;440,003;3,070;10978,710;-3198,100;0,000;0,000;0,000;0,000;0,000;0,000;0,000;0,000;0,000;12,980;0,000;0,000;0,000;5,330;0,000;0,000;0,000;0,000
62,530;83,860;100;0;100;0;5;0;5;5;3;0;0;0;4;0;0;0;0;0;0;55,540;18,310;0;0,000;22570,319;None;0;0;439,995;-108,480;10986,310;-3198,100;0,000;0,000;0,000;0,000;0,000;0,000;0,000;0,000;0,000;12,980;0,000;0,000;0,000;5,330;0,000;0,000;0,000;0,000
62,780;84,110;100;0;100;0;5;0;5;5;3;0;0;0;4;0;0;0;0;0;0;55,790;18,310;0;0,000;22684,065;None;0;0;440,002;-220,000;10994,240;-3177,160;0,000;0,000;0,000;0,000;0,000;0,000;0,000;0,000;0,000;12,980;0,000;0,000;0,000;5,330;0,000;0,000;0,000;0,000
63,030;84,360;100;0;100;0;5;0;5;5;3;0;0;0;4;0;0;0;0;0;0;56,040;18,310;0;0,000;22795,868;None;0;0;440,004;-331,520;11002,190;-3176,900;0,000;0,000;0,000;0,000;0,000;0,000;0,000;0,000;0,000;12,980;0,000;0,000;0,000;5,330;0,000;0,000;0,000;0,000
63,290;84,620;100;0;100;0;5;0;5;5;3;0;0;0;4;0;0;0;0;0;0;56,300;18,310;0;0,000;22909,258;None;0;0;439,997;-444,720;10999,910;-3183,050;0,000;0,000;0,000;0,000;0,000;0,000;0,000;0,000;0,000;12,980;0,000;0,000;0,000;5,330;0,000;0,000;0,000;0,000
63,550;84,880;100;0;100;0;5;0;5;5;3;0;0;0;4;0;0;0;0;0;0;56,560;18,310;0;0,000;23021,069;None;0;0;439,996;-556,410;10994,800;-3182,010;0,000;0,000;0,000;0,000;0,000;0,000;0,000;0,000;0,000;12,980;0,000;0,000;0,000;5,330;0,000;0,000;0,000;0,000
63,800;85,130;100;0;100;0;5;0;5;5;3;0;0;0;4;0;0;0;0;0;0;56,810;18,310;0;0,000;23132,871;None;0;0;439,999;-668,090;10989,580;-3181,910;0,000;0,000;0,000;0,000;0,000;0,000;0,000;0,000;0,000;12,980;0,000;0,000;0,000;5,330;0,000;0,000;0,000;0,000
64,050;85,380;100;0;100;0;5;0;5;5;3;0;0;0;4;0;0;0;0;0;0;57,060;18,310;0;0,000;23244,842;None;0;0;439,999;-779,770;10984,370;-3188,060;0,000;0,000;0,000;0,000;0,000;0,000;0,000;0,000;0,000;12,980;0,000;0,000;0,000;5,330;0,000;0,000;0,000;0,000
64,310;85,640;100;0;100;0;5;0;5;5;3;0;0;0;4;0;0;0;0;0;0;57,320;18,310;0;0,000;23356,930;None;0;0;440,000;-891,460;10979,150;-3195,930;0,000;0,000;0,000;0,000;0,000;0,000;0,000;0,000;0,000;12,980;0,000;0,000;0,000;5,330;0,000;0,000;0,000;0,000
64,560;85,890;100;0;100;0;5;0;5;5;3;0;0;0;4;0;0;0;0;0;0;57,570;18,310;0;0,000;23471,897;None;0;0;539,092;-1004,660;10977,550;-3175,920;0,000;0,000;0,000;0,000;0,000;0,000;0,000;0,000;0,000;12,980;0,000;0,000;0,000;5,330;0,000;0,000;0,000;0,000
64,820;86,150;100;0;100;0;5;0;5;5;3;0;0;0;4;0;0;0;0;0;0;57,830;18,570;0;0,000;23596,325;None;0;1;466,969;-1123,080;10976,730;-3137,730;0,000;0,000;0,000;0,000;0,000;0,000;0,000;0,000;0,000;12,980;0,000;0,000;0,000;5,590;0,000;0,000;0,000;0,000
65,070;86,400;93;0;100;0;5;0;5;5;3;0;0;0;4;0;0;0;0;0;0;58,080;18,820;0;0,000;23723,814;None;0;1;479,161;-1241,500;10976,000;-3090,510;0,000;0,000;0,000;0,000;0,000;0,000;0,000;0,000;0,000;12,980;0,000;0,000;0,000;5,840;0,000;0,000;0,000;0,000
65,330;86,660;23;0;100;0;5;0;5;5;3;0;0;0;4;0;0;0;0;0;0;58,340;19,080;0;0,000;23842,260;None;0;1;483,888;-1359,920;10975,370;-3092,890;0,000;0,000;0,000;0,000;0,000;0,000;0,000;0,000;0,000;12,980;0,000;0,000;0,000;6,100;0,000;0,000;0,000;0,000
