MatchTime;UT2004Time;Health;Armor;Adrenaline;Score;Deaths;Suicides;Killed;WasKilled;NumKillsWithoutDeath;Team;TeamScore;ItemsCollect;WeaponsCollect;AmmoCollect;HealthCollect;ArmorCollect;ShieldCollect;AdrenalineCollect;OtherCollect;TimeMoving;TimeShooting;DoubleDamageCount;DoubleDamageTime;TraveledDistance;Combo;HasDoubleDamage;IsShooting;Velocity;Location_x;Location_y;Location_z;XWeapons_ShieldGunPickup_TimeUsed;XWeapons_RedeemerPickup_TimeUsed;XWeapons_ShockRiflePickup_TimeUsed;XWeapons_TransPickup_TimeUsed;XWeapons_MinigunPickup_TimeUsed;XWeapons_AssaultRiflePickup_TimeUsed;XWeapons_RocketLauncherPickup_TimeUsed;XWeapons_BioRiflePickup_TimeUsed;XWeapons_LinkGunPickup_TimeUsed;UTClassic_ClassicSniperRiflePickup_TimeUsed;XWeapons_SniperRiflePickup_TimeUsed;OnslaughtFull_ONSPainterPickup_TimeUsed;Onslaught_ONSGrenadePickup_TimeUsed;Onslaught_ONSAVRiLPickup_TimeUsed;XWeapons_FlakCannonPickup_TimeUsed;XWeapons_SuperShockRiflePickup_TimeUsed;Onslaught_ONSMineLayerPickup_TimeUsed;XWeapons_PainterPickup_TimeUsed;Event;EventParams...
0,270;15,200;100;0;0;0;0;0;0;0;0;0;0;0;0;0;0;0;0;0;0;0,000;0,000;0;0,000;0,000;None;0;0;0,000;1399,580;11944,150;-3201,000;0,000;0,000;0,000;0,000;0,000;0,000;0,000;0,000;0,000;0,000;0,000;0,000;0,000;0,000;0,000;0,000;0,000;0,000
0,530;15,460;100;0;0;0;0;0;0;0;0;0;0;0;0;0;0;0;0;0;0;0,260;0,000;0;0,000;67,852;None;0;0;280,301;1397,430;11903,070;-3147,040;0,000;0,000;0,000;0,000;0,000;0,000;0,000;0,000;0,000;0,000;0,000;0,000;0,000;0,000;0,000;0,000;0,000;0,000
0,790;15,720;100;0;0;0;0;0;0;0;0;0;0;0;0;0;0;0;0;0;0;0,520;0,000;0;0,000;170,090;None;0;0;533,557;1392,740;11813,770;-3097,480;0,000;0,000;0,000;0,000;0,000;0,000;0,000;0,000;0,000;0,000;0,000;0,000;0,000;0,000;0,000;0,000;0,000;0,000
1,050;15,980;100;0;0;0;0;0;0;0;0;0;0;0;0;0;0;0;0;0;0;0,780;0,000;0;0,000;299,878;None;0;0;466,051;1386,430;11693,430;-3049,280;0,000;0,000;0,000;0,000;0,000;0,000;0,000;0,000;0,000;0,000;0,000;0,000;0,000;0,000;0,000;0,000;0,000;0,000
1,310;16,240;100;0;0;0;0;0;0;0;0;0;0;0;0;0;0;0;0;0;0;1,040;0,000;0;0,000;421,526;None;0;0;498,934;1380,130;11573,100;-3065,990;0,000;0,000;0,000;0,000;0,000;0,000;0,000;0,000;0,000;0,000;0,000;0,000;0,000;0,000;0,000;0,000;0,000;0,000
1,570;16,500;100;0;0;0;0;0;0;0;0;0;0;0;0;0;0;0;0;0;0;1,300;0,000;0;0,000;568,245;None;0;0;636,523;1373,760;11451,750;-3148,210;0,000;0,000;0,000;0,000;0,000;0,000;0,000;0,000;0,000;0,000;0,000;0,000;0,000;0,000;0,000;0,000;0,000;0,000
1,840;16,770;100;0;0;0;0;0;0;0;0;0;0;0;0;0;0;0;0;0;0;1,570;0,000;0;0,000;634,076;None;0;0;189,570;1371,520;11409,010;-3198,230;0,000;0,000;0,000;0,000;0,000;0,000;0,000;0,000;0,000;0,000;0,000;0,000;0,000;0,000;0,000;0,000;0,000;0,000
2,100;17,030;100;0;0;0;0;0;0;0;0;0;0;0;0;0;0;0;0;0;0;1,830;0,000;0;0,000;738,349;None;0;0;440,004;1376,980;11513,140;-3198,230;0,000;0,000;0,000;0,000;0,000;0,000;0,000;0,000;0,000;0,000;0,000;0,000;0,000;0,000;0,000;0,000;0,000;0,000
2,360;17,290;100;0;0;0;0;0;0;0;0;0;0;0;0;0;0;0;0;0;0;2,090;0,000;0;0,000;854,028;None;0;0;440,004;1383,040;11628,660;-3198,230;0,000;0,000;0,000;0,000;0,000;0,000;0,000;0,000;0,000;0,000;0,000;0,000;0,000;0,000;0,000;0,000;0,000;0,000
2,620;17,550;100;0;0;0;0;0;0;0;0;0;0;0;0;0;0;0;0;0;0;2,350;0,000;0;0,000;968,735;None;0;0;440,004;1389,040;11743,210;-3198,230;0,000;0,000;0,000;0,000;0,000;0,000;0,000;0,000;0,000;0,000;0,000;0,000;0,000;0,000;0,000;0,000;0,000;0,000
2,880;17,810;100;0;0;0;0;0;0;0;0;0;0;0;0;0;0;0;0;0;0;2,610;0,000;0;0,000;1084,414;None;0;0;440,004;1395,100;11858,730;-3198,230;0,000;0,000;0,000;0,000;0,000;0,000;0,000;0,000;0,000;0,000;0,000;0,000;0,000;0,000;0,000;0,000;0,000;0,000
3,150;18,080;100;0;0;0;0;0;0;0;0;0;0;0;0;0;0;0;0;0;0;2,610;0,000;0;0,000;1158,596;None;0;0;0,000;1398,990;11932,810;-3198,230;0,000;0,000;0,000;0,000;0,000;0,000;0,000;0,000;0,000;0,000;0,000;0,000;0,000;0,000;0,000;0,000;0,000;0,000
3,410;18,340;100;0;0;0;0;0;0;0;0;0;0;0;0;0;0;0;0;0;0;2,870;0,000;0;0,000;1234,470;None;0;0;440,003;1395,020;11857,040;-3198,230;0,000;0,000;0,000;0,000;0,000;0,000;0,000;0,000;0,000;0,000;0,000;0,000;0,000;0,000;0,000;0,000;0,000;0,000
3,670;18,600;100;0;0;0;0;0;0;0;0;0;0;0;0;0;0;0;0;0;0;3,130;0,000;0;0,000;1349,667;None;0;0;440,003;1388,990;11742,000;-3198,230;0,000;0,000;0,000;0,000;0,000;0,000;0,000;0,000;0,000;0,000;0,000;0,000;0,000;0,000;0,000;0,000;0,000;0,000
3,930;18,860;100;0;0;0;0;0;0;0;0;0;0;0;0;0;0;0;0;0;0;3,390;0,000;0;0,000;1464,374;None;0;0;440,003;1382,990;11627,450;-3198,230;0,000;0,000;0,000;0,000;0,000;0,000;0,000;0,000;0,000;0,000;0,000;0,000;0,000;0,000;0,000;0,000;0,000;0,000
4,190;19,120;100;0;0;0;0;0;0;0;0;0;0;0;0;0;0;0;0;0;0;3,650;0,000;0;0,000;1580,053;None;0;0;440,003;1376,930;11511,930;-3198,230;0,000;0,000;0,000;0,000;0,000;0,000;0,000;0,000;0,000;0,000;0,000;0,000;0,000;0,000;0,000;0,000;0,000;0,000
4,450;19,380;100;0;0;0;0;0;0;0;0;0;0;0;0;0;0;0;0;0;0;3,910;0,000;0;0,000;1694,760;None;0;0;440,003;1370,930;11397,380;-3198,230;0,000;0,000;0,000;0,000;0,000;0,000;0,000;0,000;0,000;0,000;0,000;0,000;0,000;0,000;0,000;0,000;0,000;0,000
4,450;19,380;100;0;0;0;0;0;0;0;0;0;0;0;1;0;0;0;0;0;0;3,910;0,000;0;0,000;1694,760;None;0;0;440,003;1370,930;11397,380;-3198,230;0,000;0,000;0,000;0,000;0,000;0,000;0,000;0,000;0,000;0,000;0,000;0,000;0,000;0,000;0,000;0,000;0,000;0,000;ITEM_PICKEDUP;XWeapons.SniperRiflePickup;Weapon
4,720;19,650;100;0;0;0;0;0;0;0;0;0;0;0;1;0;0;0;0;0;0;4,180;0,000;0;0,000;1814,436;None;0;0;497,592;1364,910;11282,340;-3165,800;0,000;0,000;0,000;0,000;0,000;0,000;0,000;0,000;0,000;0,000;0,000;0,000;0,000;0,000;0,000;0,000;0,000;0,000
4,980;19,910;100;0;0;0;0;0;0;0;0;0;0;0;1;0;0;0;0;0;0;4,440;0,000;0;0,000;1932,580;None;0;0;467,359;1358,900;11167,790;-3137,510;0,000;0,000;0,000;0,000;0,000;0,000;0,000;0,000;0,000;0,000;0,000;0,000;0,000;0,000;0,000;0,000;0,000;0,000
5,240;20,170;100;0;0;0;0;0;0;0;0;0;0;0;1;0;0;0;0;0;0;4,700;0,000;0;0,000;2048,096;None;0;0;449,339;1352,880;11052,760;-3128,810;0,000;0,000;0,000;0,000;0,000;0,000;0,000;0,000;0,000;0,000;0,000;0,000;0,000;0,000;0,000;0,000;0,000;0,000
5,500;20,430;100;0;0;0;0;0;0;0;0;0;0;0;1;0;0;0;0;0;0;4,700;0,000;0;0,000;2048,096;None;0;0;555,931;1346,850;10937,720;-3185,220;0,000;0,000;0,000;0,000;0,000;0,000;0,000;0,000;0,000;0,000;0,000;0,000;0,000;0,000;0,000;0,000;0,000;0,000;FLAG_PICKEDUP;1;CTF-1on1-Joust.ObservedRemoteBot1
5,500;20,430;100;0;0;0;0;0;0;0;0;0;0;0;1;0;0;0;0;0;0;4,700;0,000;0;0,000;2048,096;None;0;0;555,931;1346,850;10937,720;-3185,220;0,000;0,000;0,000;0,000;0,000;0,000;0,000;0,000;0,000;0,000;0,000;0,000;0,000;0,000;0,000;0,000;0,000;0,000;FLAG_PICKEDUP;0;
5,500;20,430;100;0;0;0;0;0;0;0;0;0;0;0;1;0;0;0;0;0;0;4,960;0,000;0;0,000;2176,364;None;0;0;555,931;1346,850;10937,720;-3185,220;0,000;0,000;0,000;0,000;0,000;0,000;0,000;0,000;0,000;0,000;0,000;0,000;0,000;0,000;0,000;0,000;0,000;0,000
5,760;20,690;100;0;0;0;0;0;0;0;0;0;0;0;1;0;0;0;0;0;0;5,220;0,000;0;0,000;2217,941;None;0;0;422,074;1386,100;10951,280;-3183,150;0,000;0,000;0,000;0,000;0,000;0,000;0,000;0,000;0,000;0,000;0,000;0,000;0,000;0,000;0,000;0,000;0,000;0,000
6,030;20,960;100;0;0;0;0;0;0;0;0;0;0;0;1;0;0;0;0;0;0;5,490;0,000;0;0,000;2241,129;None;0;0;348,520;1394,190;10973,010;-3183,150;0,000;0,000;0,000;0,000;0,000;0,000;0,000;0,000;0,000;0,000;0,000;0,000;0,000;0,000;0,000;0,000;0,000;0,000
6,290;21,220;100;0;0;0;0;0;0;0;0;0;0;0;1;0;0;0;0;0;0;5,750;0,000;0;0,000;2313,084;None;0;0;279,576;1349,570;10973,140;-3126,700;0,000;0,000;0,000;0,000;0,000;0,000;0,000;0,000;0,000;0,000;0,000;0,000;0,000;0,000;0,000;0,000;0,000;0,000
6,550;21,480;100;0;0;0;0;0;0;0;0;0;0;0;1;0;0;0;0;0;0;6,010;0,260;0;0,000;2422,717;None;0;1;528,046;1255,330;10973,400;-3070,680;0,000;0,000;0,000;0,000;0,000;0,000;0,000;0,000;0,000;0,260;0,000;0,000;0,000;0,000;0,000;0,000;0,000;0,000
6,810;21,740;100;0;0;0;0;0;0;0;0;0;0;0;1;0;0;0;0;0;0;6,270;0,520;0;0,000;2545,392;None;0;1;460,586;1136,820;10973,750;-3038,990;0,000;0,000;0,000;0,000;0,000;0,000;0,000;0,000;0,000;0,520;0,000;0,000;0,000;0,000;0,000;0,000;0,000;0,000
7,070;22,000;100;0;0;0;0;0;0;0;0;0;0;0;1;0;0;0;0;0;0;6,530;0,780;0;0,000;2675,964;None;0;1;562,345;1018,300;10974,090;-3093,780;0,000;0,000;0,000;0,000;0,000;0,000;0,000;0,000;0,000;0,780;0,000;0,000;0,000;0,000;0,000;0,000;0,000;0,000
7,330;22,260;100;0;0;0;0;0;0;0;0;0;0;0;1;0;0;0;0;0;0;6,790;1,040;0;0,000;2831,009;None;0;1;440,002;900,700;10974,420;-3194,820;0,000;0,000;0,000;0,000;0,000;0,000;0,000;0,000;0,000;1,040;0,000;0,000;0,000;0,000;0,000;0,000;0,000;0,000
7,590;22,520;100;0;0;0;0;0;0;0;0;0;0;0;1;0;0;0;0;0;0;7,050;1,300;0;0,000;2877,917;None;0;1;417,132;947,550;10974,740;-3197,130;0,000;0,000;0,000;0,000;0,000;0,000;0,000;0,000;0,000;1,300;0,000;0,000;0,000;0,000;0,000;0,000;0,000;0,000
7,860;22,790;100;0;0;0;0;0;0;0;0;0;0;0;1;0;0;0;0;0;0;7,320;1,570;0;0,000;2993,107;None;0;1;440,002;1062,740;10975,050;-3197,300;0,000;0,000;0,000;0,000;0,000;0,000;0,000;0,000;0,000;1,570;0,000;0,000;0,000;0,000;0,000;0,000;0,000;0,000
8,120;23,050;100;0;0;0;0;0;0;0;0;0;0;0;1;0;0;0;0;0;0;7,580;1,830;0;0,000;3107,820;None;0;1;440,001;1177,450;10975,350;-3198,100;0,000;0,000;0,000;0,000;0,000;0,000;0,000;0,000;0,000;1,830;0,000;0,000;0,000;0,000;0,000;0,000;0,000;0,000
8,380;23,310;100;0;0;0;0;0;0;0;0;0;0;0;1;0;0;0;0;0;0;7,840;2,090;0;0,000;3222,531;None;0;1;440,001;1292,160;10975,640;-3198,100;0,000;0,000;0,000;0,000;0,000;0,000;0,000;0,000;0,000;2,090;0,000;0,000;0,000;0,000;0,000;0,000;0,000;0,000
8,640;23,570;100;0;0;0;0;0;0;0;0;0;0;0;1;0;0;0;0;0;0;7,840;2,350;0;0,000;3318,589;None;0;1;0,000;1387,040;10975,890;-3183,100;0,000;0,000;0,000;0,000;0,000;0,000;0,000;0,000;0,000;2,350;0,000;0,000;0,000;0,000;0,000;0,000;0,000;0,000
8,900;23,830;100;0;0;0;0;0;0;0;0;0;0;0;1;0;0;0;0;0;0;8,100;2,610;0;0,000;3343,706;None;0;1;298,803;1376,440;10975,880;-3160,330;0,000;0,000;0,000;0,000;0,000;0,000;0,000;0,000;0,000;2,610;0,000;0,000;0,000;0,000;0,000;0,000;0,000;0,000
9,160;24,090;100;0;0;0;0;0;0;0;0;0;0;0;1;0;0;0;0;0;0;8,360;2,870;0;0,000;3413,517;None;0;1;318,512;1317,780;10975,870;-3122,480;0,000;0,000;0,000;0,000;0,000;0,000;0,000;0,000;0,000;2,870;0,000;0,000;0,000;0,000;0,000;0,000;0,000;0,000
9,420;24,350;100;0;0;0;0;0;0;0;0;0;0;0;1;0;0;0;0;0;0;8,620;3,130;0;0,000;3539,976;None;0;1;494,950;1212,000;10975,830;-3053,180;0,000;0,000;0,000;0,000;0,000;0,000;0,000;0,000;0,000;3,130;0,000;0,000;0,000;0,000;0,000;0,000;0,000;0,000
9,680;24,610;100;0;0;0;0;0;0;0;0;0;0;0;1;0;0;0;0;0;0;8,880;3,390;0;0,000;3657,881;None;0;1;479,318;1094,190;10975,770;-3048,450;0,000;0,000;0,000;0,000;0,000;0,000;0,000;0,000;0,000;3,390;0,000;0,000;0,000;0,000;0,000;0,000;0,000;0,000
9,950;24,880;100;0;0;0;0;0;0;0;0;0;0;0;1;0;0;0;0;0;0;9,150;3,660;0;0,000;3798,292;None;0;1;609,854;975,380;10975,700;-3123,280;0,000;0,000;0,000;0,000;0,000;0,000;0,000;0,000;0,000;3,660;0,000;0,000;0,000;0,000;0,000;0,000;0,000;0,000
10,210;25,140;100;0;0;0;0;0;0;0;0;0;0;0;1;0;0;0;0;0;0;9,410;3,920;0;0,000;3910,849;None;0;1;36,390;888,450;10975,650;-3194,780;0,000;0,000;0,000;0,000;0,000;0,000;0,000;0,000;0,000;3,920;0,000;0,000;0,000;0,000;0,000;0,000;0,000;0,000
10,470;25,400;100;0;0;0;0;0;0;0;0;0;0;0;1;0;0;0;0;0;0;9,670;4,180;0;0,000;3993,578;None;0;1;440,000;971,140;10975,690;-3197,290;0,000;0,000;0,000;0,000;0,000;0,000;0,000;0,000;0,000;4,180;0,000;0,000;0,000;0,000;0,000;0,000;0,000;0,000
10,730;25,660;30;0;0;0;0;0;0;0;0;0;0;0;1;0;0;0;0;0;0;9,930;4,440;0;0,000;4108,308;None;0;1;440,000;1085,850;10975,750;-3195,150;0,000;0,000;0,000;0,000;0,000;0,000;0,000;0,000;0,000;4,440;0,000;0,000;0,000;0,000;0,000;0,000;0,000;0,000
10,990;25,920;30;0;0;0;0;0;0;0;0;0;0;0;1;0;0;0;0;0;0;10,190;4,700;0;0,000;4223,535;None;0;1;440,000;1201,040;10975,810;-3198,100;0,000;0,000;0,000;0,000;0,000;0,000;0,000;0,000;0,000;4,700;0,000;0,000;0,000;0,000;0,000;0,000;0,000;0,000
11,250;26,180;30;0;0;0;0;0;0;0;0;0;0;0;1;0;0;0;0;0;0;10,450;4,960;0;0,000;4338,381;None;0;1;440,000;1315,750;10975,870;-3192,510;0,000;0,000;0,000;0,000;0,000;0,000;0,000;0,000;0,000;4,960;0,000;0,000;0,000;0,000;0,000;0,000;0,000;0,000
11,520;26,450;30;0;0;0;0;0;0;0;0;0;0;0;1;0;0;0;0;0;0;10,450;5,230;0;0,000;4413,156;None;0;1;0,000;1389,930;10975,910;-3183,100;0,000;0,000;0,000;0,000;0,000;0,000;0,000;0,000;0,000;5,230;0,000;0,000;0,000;0,000;0,000;0,000;0,000;0,000
11,780;26,710;30;0;0;0;0;0;0;0;0;0;0;0;1;0;0;0;0;0;0;10,710;5,490;0;0,000;4458,932;None;0;1;268,566;1368,090;10975,900;-3142,870;0,000;0,000;0,000;0,000;0,000;0,000;0,000;0,000;0,000;5,490;0,000;0,000;0,000;0,000;0,000;0,000;0,000;0,000
12,040;26,970;30;0;0;0;0;0;0;0;0;0;0;0;1;0;0;0;0;0;0;10,970;5,750;0;0,000;4539,034;None;0;1;530,206;1295,990;10975,880;-3107,970;0,000;0,000;0,000;0,000;0,000;0,000;0,000;0,000;0,000;5,750;0,000;0,000;0,000;0,000;0,000;0,000;0,000;0,000
12,300;27,230;30;0;0;0;0;0;0;0;0;0;0;0;1;0;0;0;0;0;0;11,230;6,010;0;0,000;4671,822;None;0;1;469,500;1181,550;10975,840;-3040,620;0,000;0,000;0,000;0,000;0,000;0,000;0,000;0,000;0,000;6,010;0,000;0,000;0,000;0,000;0,000;0,000;0,000;0,000
12,570;27,500;30;0;0;0;0;0;0;0;0;0;0;0;1;0;0;0;0;0;0;11,500;6,280;0;0,000;4791,557;None;0;1;500,170;1063,420;10975,790;-3060,160;0,000;0,000;0,000;0,000;0,000;0,000;0,000;0,000;0,000;6,280;0,000;0,000;0,000;0,000;0,000;0,000;0,000;0,000
12,830;27,760;30;0;0;0;0;0;0;0;0;0;0;0;1;0;0;0;0;0;0;11,760;6,540;0;0,000;4939,492;None;0;1;647,587;945,290;10975,740;-3149,210;0,000;0,000;0,000;0,000;0,000;0,000;0,000;0,000;0,000;6,540;0,000;0,000;0,000;0,000;0,000;0,000;0,000;0,000
13,090;28,020;30;0;0;0;0;0;0;0;0;0;0;0;1;0;0;0;0;0;0;12,020;6,800;0;0,000;5001,048;None;0;1;189,580;903,830;10975,720;-3194,710;0,000;0,000;0,000;0,000;0,000;0,000;0,000;0,000;0,000;6,800;0,000;0,000;0,000;0,000;0,000;0,000;0,000;0,000
13,350;28,280;30;0;0;0;0;0;0;0;0;0;0;0;1;0;0;0;0;0;0;12,280;7,060;0;0,000;5104,831;None;0;1;440,000;1007,570;10975,760;-3197,690;0,000;0,000;0,000;0,000;0,000;0,000;0,000;0,000;0,000;7,060;0,000;0,000;0,000;0,000;0,000;0,000;0,000;0,000
13,610;28,540;30;0;0;0;0;0;0;0;0;0;0;0;1;0;0;0;0;0;0;12,540;7,320;0;0,000;5219,542;None;0;1;440,000;1122,280;10975,800;-3198,100;0,000;0,000;0,000;0,000;0,000;0,000;0,000;0,000;0,000;7,320;0,000;0,000;0,000;0,000;0,000;0,000;0,000;0,000
13,870;28,800;30;0;0;0;0;0;0;0;0;0;0;0;1;0;0;0;0;0;0;12,800;7,580;0;0,000;5334,742;None;0;1;440,000;1237,480;10975,840;-3198,100;0,000;0,000;0,000;0,000;0,000;0,000;0,000;0,000;0,000;7,580;0,000;0,000;0,000;0,000;0,000;0,000;0,000;0,000
14,130;29,060;30;0;0;0;0;0;0;0;0;0;0;0;1;0;0;0;0;0;0;13,060;7,840;0;0,000;5450,418;None;0;1;440,000;1352,180;10975,890;-3183,100;0,000;0,000;0,000;0,000;0,000;0,000;0,000;0,000;0,000;7,840;0,000;0,000;0,000;0,000;0,000;0,000;0,000;0,000
14,390;29,320;30;0;0;0;0;0;0;0;0;0;0;0;1;0;0;0;0;0;0;13,060;8,100;0;0,000;5491,688;None;0;1;0,000;1393,450;10975,910;-3183,100;0,000;0,000;0,000;0,000;0,000;0,000;0,000;0,000;0,000;8,100;0,000;0,000;0,000;0,000;0,000;0,000;0,000;0,000
14,660;29,590;30;0;0;0;0;0;0;0;0;0;0;0;1;0;0;0;0;0;0;13,330;8,370;0;0,000;5556,451;None;0;1;269,213;1355,350;10975,900;-3130,730;0,000;0,000;0,000;0,000;0,000;0,000;0,000;0,000;0,000;8,370;0,000;0,000;0,000;0,000;0,000;0,000;0,000;0,000
14,920;29,850;30;0;0;0;0;0;0;0;0;0;0;0;1;0;0;0;0;0;0;13,590;8,630;0;0,000;5656,031;None;0;1;525,228;1268,620;10975,880;-3081,800;0,000;0,000;0,000;0,000;0,000;0,000;0,000;0,000;0,000;8,630;0,000;0,000;0,000;0,000;0,000;0,000;0,000;0,000
15,180;30,110;30;0;0;0;0;0;0;0;0;0;0;0;1;0;0;0;0;0;0;13,850;8,890;0;0,000;5782,921;None;0;1;454,144;1150,130;10975,870;-3036,400;0,000;0,000;0,000;0,000;0,000;0,000;0,000;0,000;0,000;8,890;0,000;0,000;0,000;0,000;0,000;0,000;0,000;0,000
15,440;30,370;30;0;0;0;0;0;0;0;0;0;0;0;1;0;0;0;0;0;0;14,110;9,150;0;0,000;5908,653;None;0;1;534,777;1031,610;10975,850;-3078,370;0,000;0,000;0,000;0,000;0,000;0,000;0,000;0,000;0,000;9,150;0,000;0,000;0,000;0,000;0,000;0,000;0,000;0,000
15,700;30,630;30;0;0;0;0;0;0;0;0;0;0;0;1;0;0;0;0;0;0;14,370;9,410;0;0,000;6067,629;None;0;1;698,814;913,580;10975,830;-3184,870;0,000;0,000;0,000;0,000;0,000;0,000;0,000;0,000;0,000;9,410;0,000;0,000;0,000;0,000;0,000;0,000;0,000;0,000
15,970;30,900;30;0;0;0;0;0;0;0;0;0;0;0;1;0;0;0;0;0;0;14,640;9,680;0;0,000;6085,709;None;0;1;342,770;928,110;10975,820;-3195,630;0,000;0,000;0,000;0,000;0,000;0,000;0,000;0,000;0,000;9,680;0,000;0,000;0,000;0,000;0,000;0,000;0,000;0,000
16,230;31,160;30;0;0;0;0;0;0;0;0;0;0;0;1;0;0;0;0;0;0;14,900;9,940;0;0,000;6200,148;None;0;1;440,000;1042,530;10975,840;-3197,700;0,000;0,000;0,000;0,000;0,000;0,000;0,000;0,000;0,000;9,940;0,000;0,000;0,000;0,000;0,000;0,000;0,000;0,000
16,490;31,420;30;0;0;0;0;0;0;0;0;0;0;0;1;0;0;0;0;0;0;15,160;10,200;0;0,000;6315,339;None;0;1;440,000;1157,720;10975,870;-3198,100;0,000;0,000;0,000;0,000;0,000;0,000;0,000;0,000;0,000;10,200;0,000;0,000;0,000;0,000;0,000;0,000;0,000;0,000
16,750;31,680;30;0;0;0;0;0;0;0;0;0;0;0;1;0;0;0;0;0;0;15,420;10,460;0;0,000;6430,539;None;0;1;440,000;1272,920;10975,890;-3198,100;0,000;0,000;0,000;0,000;0,000;0,000;0,000;0,000;0,000;10,460;0,000;0,000;0,000;0,000;0,000;0,000;0,000;0,000
17,010;31,940;30;0;0;0;0;0;0;0;0;0;0;0;1;0;0;0;0;0;0;15,680;10,720;0;0,000;6539,149;None;0;1;223,440;1380,490;10975,910;-3183,100;0,000;0,000;0,000;0,000;0,000;0,000;0,000;0,000;0,000;10,720;0,000;0,000;0,000;0,000;0,000;0,000;0,000;0,000
17,010;31,940;30;0;0;0;1;0;0;1;0;0;0;0;1;0;0;0;0;0;0;15,680;10,720;0;0,000;6539,149;None;0;1;223,440;1380,490;10975,910;-3183,100;0,000;0,000;0,000;0,000;0,000;0,000;0,000;0,000;0,000;10,720;0,000;0,000;0,000;0,000;0,000;0,000;0,000;0,000;BOT_KILLED;CTF-1on1-Joust.ObservedRemoteBot2;XWeapons.DamTypeSniperShot
17,280;32,210;100;0;0;0;1;0;0;1;0;0;0;0;1;0;0;0;0;0;0;15,680;10,720;0;0,000;6539,149;None;0;0;339,233;1405,660;9977,670;-3171,170;0,000;0,000;0,000;0,000;0,000;0,000;0,000;0,000;0,000;10,720;0,000;0,000;0,000;0,000;0,000;0,000;0,000;0,000;FLAG_DROPPED;1;
17,280;32,210;100;0;0;0;1;0;0;1;0;0;0;0;1;0;0;0;0;0;0;15,950;10,720;0;0,000;6539,149;None;0;0;339,233;1405,660;9977,670;-3171,170;0,000;0,000;0,000;0,000;0,000;0,000;0,000;0,000;0,000;10,720;0,000;0,000;0,000;0,000;0,000;0,000;0,000;0,000
17,540;32,470;100;0;0;0;1;0;0;1;0;0;0;0;1;0;0;0;0;0;0;16,210;10,720;0;0,000;6626,482;None;0;0;394,961;1404,810;10056,370;-3133,320;0,000;0,000;0,000;0,000;0,000;0,000;0,000;0,000;0,000;10,720;0,000;0,000;0,000;0,000;0,000;0,000;0,000;0,000
17,800;32,730;100;0;0;0;1;0;0;1;0;0;0;0;1;0;0;0;0;0;0;16,470;10,720;0;0,000;6760,470;None;0;0;491,892;1403,580;10171,170;-3064,240;0,000;0,000;0,000;0,000;0,000;0,000;0,000;0,000;0,000;10,720;0,000;0,000;0,000;0,000;0,000;0,000;0,000;0,000
18,060;32,990;100;0;0;0;1;0;0;1;0;0;0;0;1;0;0;0;0;0;0;16,730;10,720;0;0,000;6879,566;None;0;0;450,427;1402,330;10288,470;-3043,670;0,000;0,000;0,000;0,000;0,000;0,000;0,000;0,000;0,000;10,720;0,000;0,000;0,000;0,000;0,000;0,000;0,000;0,000
18,320;33,250;100;0;0;0;1;0;0;1;0;0;0;0;1;0;0;0;0;0;0;16,990;10,720;0;0,000;7004,472;None;0;0;535,597;1401,070;10405,280;-3087,890;0,000;0,000;0,000;0,000;0,000;0,000;0,000;0,000;0,000;10,720;0,000;0,000;0,000;0,000;0,000;0,000;0,000;0,000
18,580;33,510;100;0;0;0;1;0;0;1;0;0;0;0;1;0;0;0;0;0;0;17,250;10,720;0;0,000;7164,848;None;0;0;703,301;1399,820;10522,570;-3197,260;0,000;0,000;0,000;0,000;0,000;0,000;0,000;0,000;0,000;10,720;0,000;0,000;0,000;0,000;0,000;0,000;0,000;0,000
18,840;33,770;100;0;0;0;1;0;0;1;0;0;0;0;1;0;0;0;0;0;0;17,510;10,720;0;0,000;7280,078;None;0;0;439,985;1398,580;10637,790;-3198,150;0,000;0,000;0,000;0,000;0,000;0,000;0,000;0,000;0,000;10,720;0,000;0,000;0,000;0,000;0,000;0,000;0,000;0,000
18,840;33,770;100;0;0;0;1;0;0;1;0;0;0;0;2;0;0;0;0;0;0;17,510;10,720;0;0,000;7280,078;None;0;0;439,985;1398,580;10637,790;-3198,150;0,000;0,000;0,000;0,000;0,000;0,000;0,000;0,000;0,000;10,720;0,000;0,000;0,000;0,000;0,000;0,000;0,000;0,000;ITEM_PICKEDUP;XWeapons.RocketLauncherPickup;Weapon
19,110;34,040;100;0;0;0;1;0;0;1;0;0;0;0;2;0;0;0;0;0;0;17,780;10,720;0;0,000;7394,795;None;0;0;440,005;1397,350;10752,500;-3198,150;0,000;0,000;0,000;0,000;0,000;0,000;0,000;0,000;0,000;10,720;0,000;0,000;0,000;0,000;0,000;0,000;0,000;0,000
19,370;34,300;65;0;0;0;1;0;0;1;0;0;0;0;2;0;0;0;0;0;0;18,040;10,980;0;0,000;7512,985;None;0;1;439,995;1396,090;10870,610;-3202,320;0,000;0,000;0,000;0,000;0,000;0,260;0,000;0,000;0,000;10,720;0,000;0,000;0,000;0,000;0,000;0,000;0,000;0,000
19,630;34,560;65;0;0;0;1;0;0;1;0;0;0;0;2;0;0;0;0;0;0;18,040;10,980;0;0,000;7512,985;None;0;0;0,000;1395,080;10965,000;-3183,100;0,000;0,000;0,000;0,000;0,000;0,260;0,000;0,000;0,000;10,720;0,000;0,000;0,000;0,000;0,000;0,000;0,000;0,000;FLAG_PICKEDUP;1;CTF-1on1-Joust.ObservedRemoteBot1
19,630;34,560;65;0;0;0;1;0;0;1;0;0;0;0;2;0;0;0;0;0;0;18,040;10,980;0;0,000;7609,317;None;0;0;0,000;1395,080;10965,000;-3183,100;0,000;0,000;0,000;0,000;0,000;0,260;0,000;0,000;0,000;10,720;0,000;0,000;0,000;0,000;0,000;0,000;0,000;0,000
19,630;34,560;65;0;0;0;1;0;1;1;1;0;0;0;2;0;0;0;0;0;0;18,040;10,980;0;0,000;7609,317;None;0;0;0,000;1395,080;10965,000;-3183,100;0,000;0,000;0,000;0,000;0,000;0,260;0,000;0,000;0,000;10,720;0,000;0,000;0,000;0,000;0,000;0,000;0,000;0,000;PLAYER_KILLED;CTF-1on1-Joust.ObservedRemoteBot2;XWeapons.DamTypeRocket
19,630;34,560;65;0;0;0;2;1;1;1;1;0;0;0;2;0;0;0;0;0;0;18,040;10,980;0;0,000;7609,317;None;0;0;0,000;1395,080;10965,000;-3183,100;0,000;0,000;0,000;0,000;0,000;0,260;0,000;0,000;0,000;10,720;0,000;0,000;0,000;0,000;0,000;0,000;0,000;0,000;BOT_KILLED;SUICIDE;XWeapons.DamTypeRocket
19,890;34,820;100;0;10;0;2;1;1;1;1;0;0;0;2;0;0;0;0;0;0;18,040;10,980;0;0,000;7609,317;None;0;0;0,000;1399,580;11944,150;-3201,000;0,000;0,000;0,000;0,000;0,000;0,260;0,000;0,000;0,000;10,720;0,000;0,000;0,000;0,000;0,000;0,000;0,000;0,000;FLAG_DROPPED;1;None
19,890;34,820;100;0;10;0;2;1;1;1;1;0;0;0;2;0;0;0;0;0;0;18,040;10,980;0;0,000;7609,317;None;0;0;0,000;1399,580;11944,150;-3201,000;0,000;0,000;0,000;0,000;0,000;0,260;0,000;0,000;0,000;10,720;0,000;0,000;0,000;0,000;0,000;0,000;0,000;0,000;FLAG_DROPPED;0;None
19,890;34,820;100;0;10;0;2;1;1;1;1;0;0;0;2;0;0;0;0;0;0;18,040;10,980;0;0,000;7609,317;None;0;0;0,000;1399,580;11944,150;-3201,000;0,000;0,000;0,000;0,000;0,000;0,260;0,000;0,000;0,000;10,720;0,000;0,000;0,000;0,000;0,000;0,000;0,000;0,000
20,160;35,090;100;0;10;0;2;1;1;1;1;0;0;0;2;0;0;0;0;0;0;18,310;10,980;0;0,000;7667,871;None;0;0;265,976;1398,000;11914,000;-3150,830;0,000;0,000;0,000;0,000;0,000;0,260;0,000;0,000;0,000;10,720;0,000;0,000;0,000;0,000;0,000;0,000;0,000;0,000
20,420;35,350;100;0;10;0;2;1;1;1;1;0;0;0;2;0;0;0;0;0;0;18,570;10,980;0;0,000;7758,251;None;0;0;527,602;1393,810;11833,950;-3109,080;0,000;0,000;0,000;0,000;0,000;0,260;0,000;0,000;0,000;10,720;0,000;0,000;0,000;0,000;0,000;0,000;0,000;0,000
20,680;35,610;100;0;10;0;2;1;1;1;1;0;0;0;2;0;0;0;0;0;0;18,830;10,980;0;0,000;7887,788;None;0;0;463,059;1387,730;11717,980;-3051,690;0,000;0,000;0,000;0,000;0,000;0,260;0,000;0,000;0,000;10,720;0,000;0,000;0,000;0,000;0,000;0,000;0,000;0,000
20,940;35,870;100;0;10;0;2;1;1;1;1;0;0;0;2;0;0;0;0;0;0;19,090;10,980;0;0,000;8006,587;None;0;0;477,848;1381,530;11599,570;-3059,030;0,000;0,000;0,000;0,000;0,000;0,260;0,000;0,000;0,000;10,720;0,000;0,000;0,000;0,000;0,000;0,000;0,000;0,000
21,200;36,130;100;0;10;0;2;1;1;1;1;0;0;0;2;0;0;0;0;0;0;19,350;10,980;0;0,000;8145,531;None;0;0;604,949;1375,330;11481,160;-3131,460;0,000;0,000;0,000;0,000;0,000;0,260;0,000;0,000;0,000;10,720;0,000;0,000;0,000;0,000;0,000;0,000;0,000;0,000
21,460;36,390;100;0;10;0;2;1;1;1;1;0;0;0;2;0;0;0;0;0;0;19,610;10,980;0;0,000;8238,973;None;0;0;113,005;1371,900;11415,870;-3198,220;0,000;0,000;0,000;0,000;0,000;0,260;0,000;0,000;0,000;10,720;0,000;0,000;0,000;0,000;0,000;0,000;0,000;0,000
21,720;36,650;100;0;10;0;2;1;1;1;1;0;0;0;2;0;0;0;0;0;0;19,870;10,980;0;0,000;8333,953;None;0;0;440,003;1376,870;11510,720;-3198,220;0,000;0,000;0,000;0,000;0,000;0,260;0,000;0,000;0,000;10,720;0,000;0,000;0,000;0,000;0,000;0,000;0,000;0,000
21,980;36,910;100;0;10;0;2;1;1;1;1;0;0;0;2;0;0;0;0;0;0;20,130;10,980;0;0,000;8448,660;None;0;0;440,003;1382,870;11625,270;-3198,220;0,000;0,000;0,000;0,000;0,000;0,260;0,000;0,000;0,000;10,720;0,000;0,000;0,000;0,000;0,000;0,000;0,000;0,000
22,250;37,180;100;0;10;0;2;1;1;1;1;0;0;0;2;0;0;0;0;0;0;20,400;10,980;0;0,000;8564,339;None;0;0;440,003;1388,930;11740,790;-3198,220;0,000;0,000;0,000;0,000;0,000;0,260;0,000;0,000;0,000;10,720;0,000;0,000;0,000;0,000;0,000;0,000;0,000;0,000
22,510;37,440;100;0;10;0;2;1;1;1;1;0;0;0;2;0;0;0;0;0;0;20,660;10,980;0;0,000;8679,536;None;0;0;440,003;1394,950;11855,830;-3198,220;0,000;0,000;0,000;0,000;0,000;0,260;0,000;0,000;0,000;10,720;0,000;0,000;0,000;0,000;0,000;0,000;0,000;0,000
22,770;37,700;100;0;10;0;2;1;1;1;1;0;0;0;2;0;0;0;0;0;0;20,920;10,980;0;0,000;8750,364;None;0;0;348,519;1398,660;11926,560;-3198,220;0,000;0,000;0,000;0,000;0,000;0,260;0,000;0,000;0,000;10,720;0,000;0,000;0,000;0,000;0,000;0,000;0,000;0,000
23,030;37,960;100;0;10;0;2;1;1;1;1;0;0;0;2;0;0;0;0;0;0;21,180;10,980;0;0,000;8822,584;None;0;0;280,069;1396,310;11881,700;-3141,670;0,000;0,000;0,000;0,000;0,000;0,260;0,000;0,000;0,000;10,720;0,000;0,000;0,000;0,000;0,000;0,000;0,000;0,000
23,290;38,220;100;0;10;0;2;1;1;1;1;0;0;0;2;0;0;0;0;0;0;21,440;10,980;0;0,000;8932,191;None;0;0;529,332;1391,370;11787,360;-3086,090;0,000;0,000;0,000;0,000;0,000;0,260;0,000;0,000;0,000;10,720;0,000;0,000;0,000;0,000;0,000;0,000;0,000;0,000
23,560;38,490;100;0;10;0;2;1;1;1;1;0;0;0;2;0;0;0;0;0;0;21,710;10,980;0;0,000;9057,140;None;0;0;454,206;1385,150;11668,780;-3047,200;0,000;0,000;0,000;0,000;0,000;0,260;0,000;0,000;0,000;10,720;0,000;0,000;0,000;0,000;0,000;0,000;0,000;0,000
23,820;38,750;100;0;10;0;2;1;1;1;1;0;0;0;2;0;0;0;0;0;0;21,970;10,980;0;0,000;9178,202;None;0;0;505,625;1378,970;11550,700;-3073,180;0,000;0,000;0,000;0,000;0,000;0,260;0,000;0,000;0,000;10,720;0,000;0,000;0,000;0,000;0,000;0,000;0,000;0,000
24,080;39,010;100;0;10;0;2;1;1;1;1;0;0;0;2;0;0;0;0;0;0;22,230;10,980;0;0,000;9327,833;None;0;0;654,709;1372,760;11432,130;-3164,240;0,000;0,000;0,000;0,000;0,000;0,260;0,000;0,000;0,000;10,720;0,000;0,000;0,000;0,000;0,000;0,000;0,000;0,000
24,340;39,270;100;0;10;0;2;1;1;1;1;0;0;0;2;0;0;0;0;0;0;22,490;10,980;0;0,000;9445,572;None;0;0;535,075;1366,700;11316,610;-3186,170;0,000;0,000;0,000;0,000;0,000;0,260;0,000;0,000;0,000;10,720;0,000;0,000;0,000;0,000;0,000;0,000;0,000;0,000
24,600;39,530;100;0;10;0;2;1;1;1;1;0;0;0;2;0;0;0;0;0;0;22,750;10,980;0;0,000;9570,037;None;0;0;443,521;1360,670;11201,580;-3139,020;0,000;0,000;0,000;0,000;0,000;0,260;0,000;0,000;0,000;10,720;0,000;0,000;0,000;0,000;0,000;0,000;0,000;0,000
24,870;39,800;100;0;10;0;2;1;1;1;1;0;0;0;2;0;0;0;0;0;0;23,020;10,980;0;0,000;9687,195;None;0;0;440,365;1354,590;11085,570;-3123,830;0,000;0,000;0,000;0,000;0,000;0,260;0,000;0,000;0,000;10,720;0,000;0,000;0,000;0,000;0,000;0,000;0,000;0,000
25,130;40,060;100;0;15;0;2;1;1;1;1;0;0;0;2;0;0;0;0;0;0;23,020;10,980;0;0,000;9687,195;None;0;1;537,918;1348,240;10964,500;-3161,290;0,000;0,000;0,000;0,000;0,000;0,260;0,000;0,000;0,000;10,720;0,000;0,000;0,000;0,000;0,000;0,000;0,000;0,000;FLAG_RETURNED;0;None
25,130;40,060;100;0;15;0;2;1;1;1;1;0;0;0;2;0;0;0;0;0;0;23,280;11,240;0;0,000;9814,087;None;0;1;537,918;1348,240;10964,500;-3161,290;0,000;0,000;0,000;0,000;0,000;0,520;0,000;0,000;0,000;10,720;0,000;0,000;0,000;0,000;0,000;0,000;0,000;0,000
25,390;40,320;100;0;15;0;2;1;1;1;1;0;0;0;2;0;0;0;0;0;0;23,540;11,500;0;0,000;9900,475;None;0;1;427,230;1297,780;10904,820;-3198,100;0,000;0,000;0,000;0,000;0,000;0,780;0,000;0,000;0,000;10,720;0,000;0,000;0,000;0,000;0,000;0,000;0,000;0,000
25,650;40,580;93;0;15;0;2;1;1;1;1;0;0;0;2;0;0;0;0;0;0;23,800;11,760;0;0,000;9980,532;None;0;1;312,437;1251,990;10970,490;-3198,100;0,000;0,000;0,000;0,000;0,000;1,040;0,000;0,000;0,000;10,720;0,000;0,000;0,000;0,000;0,000;0,000;0,000;0,000
25,910;40,840;93;0;15;0;2;1;1;1;1;0;0;0;2;0;0;0;0;0;0;24,060;12,020;0;0,000;10091,876;None;0;1;440,003;1362,220;10965,840;-3183,100;0,000;0,000;0,000;0,000;0,000;1,300;0,000;0,000;0,000;10,720;0,000;0,000;0,000;0,000;0,000;0,000;0,000;0,000
26,180;41,110;93;0;15;0;2;1;1;1;1;0;0;0;2;0;0;0;0;0;0;24,060;12,020;0;0,000;10091,876;None;0;1;137,842;1403,610;10957,860;-3183,100;0,000;0,000;0,000;0,000;0,000;1,300;0,000;0,000;0,000;10,720;0,000;0,000;0,000;0,000;0,000;0,000;0,000;0,000;FLAG_PICKEDUP;1;CTF-1on1-Joust.ObservedRemoteBot1
26,180;41,110;93;0;15;0;2;1;1;1;1;0;0;0;2;0;0;0;0;0;0;24,330;12,290;0;0,000;10134,028;None;0;1;137,842;1403,610;10957,860;-3183,100;0,000;0,000;0,000;0,000;0,000;1,570;0,000;0,000;0,000;10,720;0,000;0,000;0,000;0,000;0,000;0,000;0,000;0,000
26,440;41,370;86;0;15;0;2;1;1;1;1;0;0;0;2;0;0;0;0;0;0;24,590;12,550;0;0,000;10234,018;None;0;1;439,995;1304,760;10963,040;-3197,240;0,000;0,000;0,000;0,000;0,000;1,830;0,000;0,000;0,000;10,720;0,000;0,000;0,000;0,000;0,000;0,000;0,000;0,000
26,700;41,630;86;0;15;0;2;1;1;1;1;0;0;0;2;0;0;0;0;0;0;24,850;12,810;0;0,000;10349,209;None;0;1;439,999;1189,590;10965,040;-3198,100;0,000;0,000;0,000;0,000;0,000;2,090;0,000;0,000;0,000;10,720;0,000;0,000;0,000;0,000;0,000;0,000;0,000;0,000
26,700;41,630;86;0;15;0;2;1;1;1;1;0;0;0;3;0;0;0;0;0;0;24,850;12,810;0;0,000;10349,209;None;0;1;439,999;1189,590;10965,040;-3198,100;0,000;0,000;0,000;0,000;0,000;2,090;0,000;0,000;0,000;10,720;0,000;0,000;0,000;0,000;0,000;0,000;0,000;0,000;ITEM_PICKEDUP;XWeapons.RocketLauncherPickup;Weapon
26,960;41,890;86;0;15;0;2;1;1;1;1;0;0;0;3;0;0;0;0;0;0;25,110;12,810;0;0,000;10464,415;None;0;0;439,997;1074,410;10966,900;-3196,510;0,000;0,000;0,000;0,000;0,000;2,090;0,000;0,000;0,000;10,720;0,000;0,000;0,000;0,000;0,000;0,000;0,000;0,000
27,220;42,150;86;0;15;0;2;1;1;1;1;0;0;0;3;0;0;0;0;0;0;25,370;13,070;0;0,000;10579,613;None;0;1;439,997;959,230;10968,760;-3197,370;0,000;0,000;0,000;0,000;0,000;2,090;0,260;0,000;0,000;10,720;0,000;0,000;0,000;0,000;0,000;0,000;0,000;0,000
27,490;42,420;86;0;15;0;2;1;1;1;1;0;0;0;3;0;0;0;0;0;0;25,640;13,340;0;0,000;10694,890;None;0;1;439,997;844,060;10970,610;-3192,770;0,000;0,000;0,000;0,000;0,000;2,090;0,530;0,000;0,000;10,720;0,000;0,000;0,000;0,000;0,000;0,000;0,000;0,000
27,750;42,680;86;0;15;0;2;1;1;1;1;0;0;0;3;0;0;0;0;0;0;25,900;13,600;0;0,000;10811,235;None;0;1;439,997;728,390;10972,470;-3180,390;0,000;0,000;0,000;0,000;0,000;2,090;0,790;0,000;0,000;10,720;0,000;0,000;0,000;0,000;0,000;0,000;0,000;0,000
28,010;42,940;79;0;15;0;2;1;1;1;1;0;0;0;3;0;0;0;0;0;0;26,160;13,860;0;0,000;10926,661;None;0;1;440,001;613,220;10974,090;-3172,880;0,000;0,000;0,000;0,000;0,000;2,090;1,050;0,000;0,000;10,720;0,000;0,000;0,000;0,000;0,000;0,000;0,000;0,000
28,010;42,940;79;0;15;0;3;2;1;1;1;0;0;0;3;0;0;0;0;0;0;26,160;13,860;0;0,000;10926,661;None;0;1;440,001;613,220;10974,090;-3172,880;0,000;0,000;0,000;0,000;0,000;2,090;1,050;0,000;0,000;10,720;0,000;0,000;0,000;0,000;0,000;0,000;0,000;0,000;BOT_KILLED;SUICIDE;XWeapons.DamTypeRocket
28,270;43,200;100;0;13;0;3;2;1;1;1;0;0;0;3;0;0;0;0;0;0;26,160;13,860;0;0,000;10926,661;None;0;0;0,000;1399,580;11944,150;-3201,000;0,000;0,000;0,000;0,000;0,000;2,090;1,050;0,000;0,000;10,720;0,000;0,000;0,000;0,000;0,000;0,000;0,000;0,000;FLAG_DROPPED;1;
28,270;43,200;100;0;13;0;3;2;1;1;1;0;0;0;3;0;0;0;0;0;0;26,160;13,860;0;0,000;10926,661;None;0;0;0,000;1399,580;11944,150;-3201,000;0,000;0,000;0,000;0,000;0,000;2,090;1,050;0,000;0,000;10,720;0,000;0,000;0,000;0,000;0,000;0,000;0,000;0,000
28,530;43,460;100;0;13;0;3;2;1;1;1;0;0;0;3;0;0;0;0;0;0;26,420;13,860;0;0,000;10984,678;None;0;0;266,001;1398,030;11914,460;-3151,180;0,000;0,000;0,000;0,000;0,000;2,090;1,050;0,000;0,000;10,720;0,000;0,000;0,000;0,000;0,000;0,000;0,000;0,000
28,800;43,730;100;0;13;0;3;2;1;1;1;0;0;0;3;0;0;0;0;0;0;26,690;13,860;0;0,000;11074,090;None;0;0;525,093;1393,900;11835,720;-3109,020;0,000;0,000;0,000;0,000;0,000;2,090;1,050;0,000;0,000;10,720;0,000;0,000;0,000;0,000;0,000;0,000;0,000;0,000
29,060;43,990;100;0;13;0;3;2;1;1;1;0;0;0;3;0;0;0;0;0;0;26,950;13,860;0;0,000;11203,607;None;0;0;461,159;1387,830;11719,820;-3051,530;0,000;0,000;0,000;0,000;0,000;2,090;1,050;0,000;0,000;10,720;0,000;0,000;0,000;0,000;0,000;0,000;0,000;0,000
29,320;44,250;100;0;13;0;3;2;1;1;1;0;0;0;3;0;0;0;0;0;0;27,210;13,860;0;0,000;11321,985;None;0;0;476,606;1381,650;11601,850;-3059,150;0,000;0,000;0,000;0,000;0,000;2,090;1,050;0,000;0,000;10,720;0,000;0,000;0,000;0,000;0,000;0,000;0,000;0,000
29,580;44,510;100;0;13;0;3;2;1;1;1;0;0;0;3;0;0;0;0;0;0;27,470;13,860;0;0,000;11460,058;None;0;0;603,732;1375,500;11484,380;-3131,450;0,000;0,000;0,000;0,000;0,000;2,090;1,050;0,000;0,000;10,720;0,000;0,000;0,000;0,000;0,000;0,000;0,000;0,000
29,840;44,770;100;0;13;0;3;2;1;1;1;0;0;0;3;0;0;0;0;0;0;27,730;13,860;0;0,000;11594,196;None;0;0;440,004;1369,410;11368,200;-3198,220;0,000;0,000;0,000;0,000;0,000;2,090;1,050;0,000;0,000;10,720;0,000;0,000;0,000;0,000;0,000;0,000;0,000;0,000
30,100;45,030;100;0;13;0;3;2;1;1;1;0;0;0;3;0;0;0;0;0;0;27,990;13,860;0;0,000;11718,602;None;0;0;468,997;1363,380;11253,160;-3151,250;0,000;0,000;0,000;0,000;0,000;2,090;1,050;0,000;0,000;10,720;0,000;0,000;0,000;0,000;0,000;0,000;0,000;0,000
30,370;45,300;100;0;13;0;3;2;1;1;1;0;0;0;3;0;0;0;0;0;0;27,990;13,860;0;0,000;11718,602;None;0;0;449,123;1357,320;11137,640;-3127,930;0,000;0,000;0,000;0,000;0,000;2,090;1,050;0,000;0,000;10,720;0,000;0,000;0,000;0,000;0,000;0,000;0,000;0,000;FLAG_RETURNED;1;
30,370;45,300;100;0;13;0;3;2;1;1;1;0;0;0;3;0;0;0;0;0;0;28,260;13,860;0;0,000;11836,608;None;0;0;449,123;1357,320;11137,640;-3127,930;0,000;0,000;0,000;0,000;0,000;2,090;1,050;0,000;0,000;10,720;0,000;0,000;0,000;0,000;0,000;0,000;0,000;0,000
30,630;45,560;100;0;13;0;3;2;1;1;1;0;0;0;3;0;0;0;0;0;0;28,260;13,860;0;0,000;11836,608;None;0;1;467,743;1351,280;11022,610;-3136,910;0,000;0,000;0,000;0,000;0,000;2,090;1,050;0,000;0,000;10,720;0,000;0,000;0,000;0,000;0,000;0,000;0,000;0,000;FLAG_PICKEDUP;1;CTF-1on1-Joust.ObservedRemoteBot1
30,630;45,560;100;0;13;0;3;2;1;1;1;0;0;0;3;0;0;0;0;0;0;28,520;14,120;0;0,000;11952,146;None;0;1;467,743;1351,280;11022,610;-3136,910;0,000;0,000;0,000;0,000;0,000;2,350;1,050;0,000;0,000;10,720;0,000;0,000;0,000;0,000;0,000;0,000;0,000;0,000
30,890;45,820;100;0;13;0;3;2;1;1;1;0;0;0;3;0;0;0;0;0;0;28,780;14,380;0;0,000;12071,405;None;0;1;362,762;1338,210;10913,460;-3183,150;0,000;0,000;0,000;0,000;0,000;2,610;1,050;0,000;0,000;10,720;0,000;0,000;0,000;0,000;0,000;0,000;0,000;0,000
31,150;46,080;100;0;13;0;3;2;1;1;1;0;0;0;3;0;0;0;0;0;0;29,040;14,640;0;0,000;12183,232;None;0;1;440,006;1227,630;10902,490;-3195,680;0,000;0,000;0,000;0,000;0,000;2,870;1,050;0,000;0,000;10,720;0,000;0,000;0,000;0,000;0,000;0,000;0,000;0,000
31,410;46,340;100;0;13;0;3;2;1;1;1;0;0;0;3;0;0;0;0;0;0;29,300;14,900;0;0,000;12298,917;None;0;1;439,994;1112,550;10914,170;-3197,460;0,000;0,000;0,000;0,000;0,000;3,130;1,050;0,000;0,000;10,720;0,000;0,000;0,000;0,000;0,000;0,000;0,000;0,000
31,410;46,340;100;0;13;0;3;2;2;1;1;0;0;0;3;0;0;0;0;0;0;29,300;14,900;0;0,000;12298,917;None;0;1;439,994;1112,550;10914,170;-3197,460;0,000;0,000;0,000;0,000;0,000;3,130;1,050;0,000;0,000;10,720;0,000;0,000;0,000;0,000;0,000;0,000;0,000;0,000;PLAYER_KILLED;CTF-1on1-Joust.ObservedRemoteBot2;XWeapons.DamTypeAssaultBullet
31,680;46,610;100;0;15;0;3;2;2;1;1;0;0;0;3;0;0;0;0;0;0;29,570;14,900;0;0,000;12416,552;None;0;0;440,003;995,620;10926,820;-3195,120;0,000;0,000;0,000;0,000;0,000;3,130;1,050;0,000;0,000;10,720;0,000;0,000;0,000;0,000;0,000;0,000;0,000;0,000
31,680;46,610;100;0;15;0;3;2;2;1;1;0;0;0;4;0;0;0;0;0;0;29,570;14,900;0;0,000;12416,552;None;0;0;440,003;995,620;10926,820;-3195,120;0,000;0,000;0,000;0,000;0,000;3,130;1,050;0,000;0,000;10,720;0,000;0,000;0,000;0,000;0,000;0,000;0,000;0,000;ITEM_PICKEDUP;XWeapons.RocketLauncherPickup;Weapon
31,940;46,870;100;0;15;0;3;2;2;1;1;0;0;0;4;0;0;0;0;0;0;29,830;14,900;0;0,000;12531,744;None;0;0;440,003;881,100;10939,240;-3195,110;0,000;0,000;0,000;0,000;0,000;3,130;1,050;0,000;0,000;10,720;0,000;0,000;0,000;0,000;0,000;0,000;0,000;0,000
32,200;47,130;100;0;15;0;3;2;2;1;1;0;0;0;4;0;0;0;0;0;0;30,090;14,900;0;0,000;12646,797;None;0;0;440,003;767,060;10951,600;-3186,200;0,000;0,000;0,000;0,000;0,000;3,130;1,050;0,000;0,000;10,720;0,000;0,000;0,000;0,000;0,000;0,000;0,000;0,000
32,460;47,390;100;0;15;0;3;2;2;1;1;0;0;0;4;0;0;0;0;0;0;30,350;14,900;0;0,000;12762,527;None;0;0;440,005;652,540;10964,020;-3175,050;0,000;0,000;0,000;0,000;0,000;3,130;1,050;0,000;0,000;10,720;0,000;0,000;0,000;0,000;0,000;0,000;0,000;0,000
32,730;47,660;100;0;15;0;3;2;2;1;1;0;0;0;4;0;0;0;0;0;0;30,620;14,900;0;0,000;12878,148;None;0;0;439,999;537,040;10969,290;-3174,800;0,000;0,000;0,000;0,000;0,000;3,130;1,050;0,000;0,000;10,720;0,000;0,000;0,000;0,000;0,000;0,000;0,000;0,000
32,990;47,920;100;0;15;0;3;2;2;1;1;0;0;0;4;0;0;0;0;0;0;30,880;14,900;0;0,000;12992,880;None;0;0;439,998;422,340;10970,700;-3172,480;0,000;0,000;0,000;0,000;0,000;3,130;1,050;0,000;0,000;10,720;0,000;0,000;0,000;0,000;0,000;0,000;0,000;0,000
33,250;48,180;100;0;15;0;3;2;2;1;1;0;0;0;4;0;0;0;0;0;0;31,140;14,900;0;0,000;13108,323;None;0;0;439,997;307,150;10971,990;-3164,940;0,000;0,000;0,000;0,000;0,000;3,130;1,050;0,000;0,000;10,720;0,000;0,000;0,000;0,000;0,000;0,000;0,000;0,000
33,510;48,440;100;0;15;0;3;2;2;1;1;0;0;0;4;0;0;0;0;0;0;31,400;14,900;0;0,000;13224,300;None;0;0;439,997;191,970;10973,280;-3178,450;0,000;0,000;0,000;0,000;0,000;3,130;1,050;0,000;0,000;10,720;0,000;0,000;0,000;0,000;0,000;0,000;0,000;0,000
33,770;48,700;100;0;15;0;3;2;2;1;1;0;0;0;4;0;0;0;0;0;0;31,660;15,160;0;0,000;13341,161;None;0;1;439,997;76,780;10974,560;-3198,100;0,000;0,000;0,000;0,000;0,000;3,390;1,050;0,000;0,000;10,720;0,000;0,000;0,000;0,000;0,000;0,000;0,000;0,000
34,030;48,960;100;0;15;0;3;2;2;1;1;0;0;0;4;0;0;0;0;0;0;31,660;15,160;0;0,000;13341,161;None;0;0;376,626;-22,540;10980,120;-3198,100;0,000;0,000;0,000;0,000;0,000;3,390;1,050;0,000;0,000;10,720;0,000;0,000;0,000;0,000;0,000;0,000;0,000;0,000;FLAG_PICKEDUP;0;CTF-1on1-Joust.ObservedRemoteBot2
34,030;48,960;100;0;15;0;3;2;2;1;1;0;0;0;4;0;0;0;0;0;0;31,920;15,160;0;0,000;13440,637;None;0;0;376,626;-22,540;10980,120;-3198,100;0,000;0,000;0,000;0,000;0,000;3,390;1,050;0,000;0,000;10,720;0,000;0,000;0,000;0,000;0,000;0,000;0,000;0,000
34,300;49,230;93;0;15;0;3;2;2;1;1;0;0;0;4;0;0;0;0;0;0;32,190;15,430;0;0,000;13520,989;None;0;1;406,869;-102,750;10984,900;-3198,100;0,000;0,000;0,000;0,000;0,000;3,390;1,320;0,000;0,000;10,720;0,000;0,000;0,000;0,000;0,000;0,000;0,000;0,000
34,560;49,490;93;0;15;0;3;2;2;1;1;0;0;0;4;0;0;0;0;0;0;32,450;15,690;0;0,000;13608,216;None;0;1;36,438;-187,190;10990,950;-3177,080;0,000;0,000;0,000;0,000;0,000;3,390;1,580;0,000;0,000;10,720;0,000;0,000;0,000;0,000;0,000;0,000;0,000;0,000
34,820;49,750;93;0;15;0;3;2;2;1;1;0;0;0;4;0;0;0;0;0;0;32,710;15,950;0;0,000;13694,063;None;0;1;439,999;-104,240;10984,090;-3198,100;0,000;0,000;0,000;0,000;0,000;3,390;1,840;0,000;0,000;10,720;0,000;0,000;0,000;0,000;0,000;0,000;0,000;0,000
35,080;50,010;93;0;15;0;3;2;2;1;1;0;0;0;4;0;0;0;0;0;0;32,970;16,210;0;0,000;13801,160;None;0;1;223,443;2,510;10975,470;-3198,100;0,000;0,000;0,000;0,000;0,000;3,390;2,100;0,000;0,000;10,720;0,000;0,000;0,000;0,000;0,000;0,000;0,000;0,000
35,340;50,270;7;0;15;0;3;2;2;1;1;0;0;0;4;0;0;0;0;0;0;33,230;16,470;0;0,000;13840,788;None;0;1;311,924;-30,940;10957,720;-3186,420;0,000;0,000;0,000;0,000;0,000;3,390;2,360;0,000;0,000;10,720;0,000;0,000;0,000;0,000;0,000;0,000;0,000;0,000
35,610;50,540;7;0;15;0;3;2;2;1;1;0;0;0;4;0;0;0;0;0;0;33,500;16,740;0;0,000;13927,562;None;0;1;395,155;-85,840;10890,530;-3187,540;0,000;0,000;0,000;0,000;0,000;3,390;2,630;0,000;0,000;10,720;0,000;0,000;0,000;0,000;0,000;0,000;0,000;0,000
35,870;50,800;7;0;15;0;3;2;2;1;1;0;0;0;4;0;0;0;0;0;0;33,760;17,000;0;0,000;13949,118;None;0;1;200,533;-99,580;10877,710;-3198,100;0,000;0,000;0,000;0,000;0,000;3,390;2,890;0,000;0,000;10,720;0,000;0,000;0,000;0,000;0,000;0,000;0,000;0,000
